Started At,Duration,Preset,Activity
12/07/2025 09:13:33,0:56:20,,Meditation
12/06/2025 16:49:39,0:21:38,,Meditation
12/05/2025 06:45:06,0:44:25,,Meditation
12/04/2025 06:50:14,0:28:33,,Meditation
12/03/2025 06:50:37,0:59:0,,Meditation
12/02/2025 06:43:51,0:43:46,,Meditation
12/01/2025 07:07:58,0:35:26,,Meditation
11/30/2025 08:18:21,0:40:2,,Meditation
11/29/2025 09:09:08,0:43:33,,Meditation
11/28/2025 08:34:56,0:31:3,,Meditation
11/27/2025 08:55:10,0:37:28,,Meditation
11/26/2025 09:13:44,0:10:25,,Meditation
11/25/2025 17:30:37,0:0:13,,Meditation
11/22/2025 17:30:19,0:39:40,,Meditation
11/21/2025 07:10:47,0:18:9,,Meditation
11/20/2025 07:04:36,0:34:53,,Meditation
11/19/2025 06:51:11,0:45:0,,Meditation
11/18/2025 06:48:25,0:14:59,,Meditation
11/17/2025 06:55:33,0:45:0,,Meditation
11/14/2025 07:12:12,0:38:25,,Meditation
11/13/2025 06:58:16,0:45:0,,Meditation
11/12/2025 06:54:21,0:45:0,,Meditation
11/11/2025 06:46:39,0:45:0,,Meditation
11/10/2025 06:20:08,0:22:14,,Meditation
11/09/2025 07:18:00,0:45:0,,Meditation
11/06/2025 07:05:51,0:23:17,,Meditation
10/31/2025 07:15:31,0:13:21,,Meditation
10/28/2025 07:07:54,0:27:3,,Meditation
09/30/2025 07:18:31,0:15:20,,Meditation
09/29/2025 07:16:33,0:15:51,,Meditation
09/26/2025 07:06:10,0:13:50,,Meditation
09/25/2025 07:18:22,0:11:41,,Meditation
09/24/2025 07:07:28,0:21:3,,Meditation
04/23/2025 06:36:52,0:15:2,,Meditation
04/22/2025 06:49:50,0:31:46,,Meditation
04/21/2025 06:52:15,0:33:36,,Meditation
04/20/2025 07:00:00,0:5:0,,Meditation
04/19/2025 11:48:22,0:0:3,,Meditation
04/18/2025 23:01:13,0:9:13,,Meditation
04/17/2025 07:00:00,0:14:0,,Meditation
04/16/2025 06:40:09,0:35:12,,Meditation
04/15/2025 19:02:11,0:7:11,,Meditation
04/14/2025 06:36:19,0:36:1,,Meditation
04/13/2025 23:53:47,0:2:51,,Meditation
04/12/2025 23:49:00,0:0:43,,Meditation
04/11/2025 06:42:34,0:42:30,,Meditation
04/10/2025 06:43:10,0:35:49,,Meditation
04/09/2025 06:39:42,0:35:33,,Meditation
04/08/2025 06:41:55,0:29:6,,Meditation
04/07/2025 06:35:27,0:5:42,,Meditation
04/06/2025 19:58:36,0:18:39,,Meditation
04/05/2025 06:00:00,0:8:0,,Meditation
04/03/2025 17:00:00,0:10:0,,Meditation
04/03/2025 07:39:36,0:8:11,,Meditation
04/02/2025 07:53:55,0:3:7,,Meditation
04/01/2025 07:08:14,0:1:30,,Meditation
03/30/2025 20:04:17,0:3:50,,Meditation
03/30/2025 07:07:28,0:0:37,,Meditation
03/28/2025 21:39:27,0:18:13,,Meditation
03/28/2025 06:17:25,0:4:39,,Meditation
03/26/2025 21:47:08,0:3:52,,Meditation
03/25/2025 13:01:49,0:19:2,,Meditation
03/25/2025 03:35:36,0:0:12,,Meditation
03/24/2025 19:47:41,0:0:7,,Meditation
03/23/2025 22:33:52,0:0:18,,Meditation
03/22/2025 23:58:14,0:0:1,,Meditation
03/22/2025 23:57:53,0:0:15,,Meditation
03/21/2025 16:46:07,0:0:49,,Meditation
03/21/2025 16:43:34,0:2:1,,Meditation
03/20/2025 06:38:17,0:4:7,,Meditation
03/19/2025 06:49:07,0:51:33,,Meditation
03/18/2025 06:34:08,1:6:45,,Meditation
03/17/2025 06:33:00,1:5:0,,Meditation
03/16/2025 23:53:29,0:17:42,,Meditation
03/15/2025 23:59:07,0:2:36,,Meditation
03/14/2025 06:49:02,0:59:2,,Meditation
03/13/2025 07:13:09,0:24:12,,Meditation
03/12/2025 06:53:29,0:48:0,,Meditation
03/11/2025 07:28:49,0:6:18,,Meditation
03/10/2025 21:03:30,0:0:33,,Meditation
03/09/2025 20:28:26,0:3:48,,Meditation
03/08/2025 16:52:39,0:2:22,,Meditation
03/07/2025 06:35:39,1:0:33,,Meditation
03/06/2025 06:27:50,1:4:52,,Meditation
03/05/2025 06:43:03,0:50:47,,Meditation
03/04/2025 06:49:29,1:0:23,,Meditation
03/03/2025 06:42:48,1:0:26,,Meditation
03/02/2025 20:22:07,0:19:14,,Meditation
03/01/2025 12:13:47,0:9:39,,Meditation
02/28/2025 06:32:28,1:6:4,,Meditation
02/27/2025 06:20:52,1:2:10,,Meditation
02/26/2025 06:34:57,1:4:10,,Meditation
02/25/2025 06:39:17,0:47:35,,Meditation
02/24/2025 06:33:41,1:2:12,,Meditation
02/23/2025 20:19:36,0:13:54,,Meditation
02/22/2025 06:52:15,0:4:16,,Meditation
02/21/2025 06:39:16,0:59:30,,Meditation
02/20/2025 06:18:07,1:5:0,,Meditation
02/19/2025 06:37:31,1:5:0,,Meditation
02/18/2025 06:21:40,1:4:31,,Meditation
02/17/2025 06:12:15,1:2:58,,Meditation
02/16/2025 06:05:54,0:57:13,,Meditation
02/15/2025 08:12:06,0:58:37,,Meditation
02/14/2025 04:54:54,0:57:40,,Meditation
02/13/2025 06:29:43,1:2:14,,Meditation
02/12/2025 06:37:42,1:2:12,,Meditation
02/11/2025 06:36:17,1:0:57,,Meditation
02/10/2025 06:38:22,1:1:7,,Meditation
02/09/2025 20:00:26,0:38:27,,Meditation
02/08/2025 23:40:31,0:1:39,,Meditation
02/07/2025 07:07:00,0:58:38,,Meditation
02/06/2025 06:39:17,1:5:0,,Meditation
02/05/2025 06:12:08,0:52:42,,Meditation
02/04/2025 06:41:10,0:34:28,,Meditation
02/03/2025 06:27:22,1:1:24,,Meditation
02/02/2025 23:54:24,0:1:54,,Meditation
02/01/2025 20:41:08,0:0:46,,Meditation
01/31/2025 06:39:20,0:46:41,,Meditation
01/30/2025 06:48:24,0:52:35,,Meditation
01/29/2025 08:44:29,0:34:10,,Meditation
01/28/2025 06:32:39,0:53:4,,Meditation
01/27/2025 06:22:23,0:53:4,,Meditation
01/26/2025 21:56:47,0:0:3,,Meditation
01/25/2025 14:14:28,0:11:53,,Meditation
01/24/2025 06:41:27,0:32:11,,Meditation
01/23/2025 18:10:13,0:11:53,,Meditation
01/22/2025 07:09:31,0:44:10,,Meditation
01/21/2025 06:33:17,0:40:46,,Meditation
01/20/2025 18:13:14,0:8:47,,Meditation
01/19/2025 17:10:13,0:11:46,,Meditation
01/18/2025 15:23:54,0:9:59,,Meditation
01/17/2025 06:36:41,0:28:52,,Meditation
01/16/2025 06:34:00,0:29:5,,Meditation
01/15/2025 05:14:28,0:25:24,,Meditation
01/14/2025 06:27:27,0:17:17,,Meditation
01/13/2025 10:00:00,0:5:0,,Meditation
01/12/2025 23:40:09,0:10:55,,Meditation
01/11/2025 10:00:00,0:10:5,,Meditation
01/10/2025 22:11:06,0:0:41,,Meditation
01/09/2025 10:00:00,0:10:5,,Meditation
01/08/2025 23:35:56,0:0:16,,Meditation
01/07/2025 06:42:40,0:20:1,,Meditation
01/06/2025 06:40:17,0:18:3,,Meditation
01/05/2025 21:24:55,0:3:18,,Meditation
01/04/2025 21:30:53,0:13:38,,Meditation
01/03/2025 02:37:44,0:24:32,,Meditation
01/01/2025 13:00:00,0:57:0,,Meditation
01/01/2025 05:37:47,0:5:20,,Meditation
12/31/2024 22:21:43,0:11:44,,Meditation
12/31/2024 20:02:01,0:8:28,,Meditation
12/31/2024 02:25:53,0:11:0,,Meditation
12/30/2024 05:25:43,0:1:56,,Meditation
12/28/2024 17:35:48,0:6:20,,Meditation
12/27/2024 18:00:00,0:5:0,,Meditation
12/27/2024 06:02:40,0:3:47,,Meditation
12/26/2024 07:07:05,0:3:24,,Meditation
12/25/2024 06:49:51,0:2:23,,Meditation
12/24/2024 03:28:39,0:45:28,,Meditation
12/23/2024 15:53:26,0:43:58,,Meditation
12/22/2024 23:01:25,0:0:53,,Meditation
12/21/2024 23:00:00,0:10:0,,Meditation
12/20/2024 06:55:07,0:46:33,,Meditation
12/19/2024 06:40:53,0:43:11,,Meditation
12/18/2024 06:36:58,0:36:9,,Meditation
12/17/2024 06:29:13,0:22:24,,Meditation
12/16/2024 06:39:48,0:26:36,,Meditation
12/15/2024 23:46:29,0:0:17,,Meditation
12/14/2024 19:50:41,0:26:37,,Meditation
12/13/2024 05:15:02,1:2:47,,Meditation
12/12/2024 08:01:27,0:30:16,,Meditation
12/11/2024 06:36:46,0:33:4,,Meditation
12/10/2024 06:34:29,1:4:1,,Meditation
12/09/2024 06:40:38,0:59:17,,Meditation
12/08/2024 23:59:57,0:13:33,,Meditation
12/07/2024 10:55:44,1:1:29,,Meditation
12/06/2024 06:40:23,0:18:18,,Meditation
12/05/2024 06:28:47,1:6:40,,Meditation
12/04/2024 06:46:36,1:2:37,,Meditation
12/03/2024 06:36:47,1:0:27,,Meditation
12/02/2024 06:50:00,1:3:54,,Meditation
12/01/2024 12:24:24,0:32:27,,Meditation
11/30/2024 05:24:55,0:26:2,,Meditation
11/29/2024 23:57:41,0:19:18,,Meditation
11/28/2024 09:01:04,1:5:24,,Meditation
11/27/2024 16:31:53,1:0:9,,Meditation
11/26/2024 08:16:10,1:4:0,,Meditation
11/25/2024 08:34:10,1:1:26,,Meditation
11/24/2024 14:51:14,0:32:50,,Meditation
11/24/2024 14:09:13,0:6:27,,Meditation
11/23/2024 10:22:58,1:0:52,,Meditation
11/22/2024 06:37:35,0:53:25,,Meditation
11/21/2024 06:40:37,1:3:1,,Meditation
11/20/2024 06:33:05,1:8:15,,Meditation
11/19/2024 06:33:25,1:5:0,,Meditation
11/18/2024 06:37:26,1:5:0,,Meditation
11/17/2024 08:52:02,1:6:17,,Meditation
11/16/2024 23:54:18,0:1:10,,Meditation
11/15/2024 06:40:54,1:4:25,,Meditation
11/14/2024 05:09:15,0:35:6,,Meditation
11/13/2024 06:33:42,1:10:25,,Meditation
11/12/2024 06:35:43,1:8:28,,Meditation
11/11/2024 06:32:36,1:15:52,,Meditation
11/10/2024 21:35:14,1:13:28,,Meditation
11/09/2024 14:42:38,0:52:21,,Meditation
11/08/2024 06:50:17,1:2:35,,Meditation
11/07/2024 06:44:33,1:5:0,,Meditation
11/06/2024 06:41:11,0:55:45,,Meditation
11/05/2024 06:37:20,1:6:16,,Meditation
11/04/2024 09:25:10,1:5:0,,Meditation
11/03/2024 08:52:58,0:25:4,,Meditation
11/02/2024 23:56:43,0:12:37,,Meditation
11/01/2024 06:37:46,1:3:25,,Meditation
10/31/2024 06:34:53,1:2:50,,Meditation
10/30/2024 06:34:10,1:0:3,,Meditation
10/29/2024 06:37:23,1:2:9,,Meditation
10/28/2024 06:16:15,1:3:5,,Meditation
10/27/2024 21:52:53,0:4:0,,Meditation
10/26/2024 18:01:41,0:4:15,,Meditation
10/25/2024 06:30:33,0:33:31,,Meditation
10/24/2024 06:36:10,1:1:52,,Meditation
10/23/2024 06:42:30,1:0:58,,Meditation
10/22/2024 05:45:07,1:5:0,,Meditation
10/21/2024 06:27:22,1:4:28,,Meditation
10/20/2024 09:20:51,1:0:1,,Meditation
10/19/2024 08:31:13,1:1:21,,Meditation
10/18/2024 06:35:28,1:2:47,,Meditation
10/17/2024 06:29:50,1:1:18,,Meditation
10/16/2024 06:43:19,1:5:21,,Meditation
10/15/2024 06:49:21,1:5:0,,Meditation
10/14/2024 06:29:54,0:59:29,,Meditation
10/13/2024 23:58:40,0:8:1,,Meditation
10/12/2024 20:52:30,0:1:53,,Meditation
10/11/2024 04:21:26,0:55:47,,Meditation
10/10/2024 09:49:06,1:1:41,,Meditation
10/09/2024 06:20:41,1:1:16,,Meditation
10/08/2024 06:35:45,1:10:9,,Meditation
10/07/2024 06:27:50,1:3:48,,Meditation
10/06/2024 21:26:08,0:22:16,,Meditation
10/05/2024 08:32:05,1:2:36,,Meditation
10/04/2024 06:23:36,1:5:0,,Meditation
10/03/2024 18:40:24,1:1:39,,Meditation
10/02/2024 06:22:48,1:9:32,,Meditation
10/01/2024 06:31:42,0:44:52,,Meditation
09/30/2024 06:24:29,1:0:29,,Meditation
09/29/2024 23:59:19,0:3:25,,Meditation
09/28/2024 07:36:39,1:2:29,,Meditation
09/27/2024 05:52:29,1:2:50,,Meditation
09/26/2024 06:23:57,1:2:21,,Meditation
09/25/2024 06:24:18,1:2:31,,Meditation
09/24/2024 06:35:19,1:1:34,,Meditation
09/23/2024 06:33:39,1:4:32,,Meditation
09/22/2024 22:49:11,0:1:21,,Meditation
09/21/2024 07:21:47,1:5:55,,Meditation
09/20/2024 06:27:41,1:5:0,,Meditation
09/19/2024 08:13:03,0:30:30,,Meditation
09/19/2024 06:42:16,0:24:16,,Meditation
09/18/2024 08:53:56,1:3:54,,Meditation
09/17/2024 06:30:26,0:59:2,,Meditation
09/16/2024 07:37:12,1:5:0,,Meditation
09/15/2024 20:52:39,1:3:19,,Meditation
09/15/2024 08:50:45,0:5:45,,Meditation
09/14/2024 23:19:35,0:3:57,,Meditation
09/13/2024 06:29:41,1:5:49,,Meditation
09/12/2024 06:39:31,1:5:0,,Meditation
09/11/2024 06:37:42,1:3:6,,Meditation
09/10/2024 06:32:47,1:0:0,,Meditation
09/09/2024 06:39:25,1:1:2,,Meditation
09/08/2024 07:44:18,1:5:0,,Meditation
09/07/2024 08:57:12,0:3:18,,Meditation
09/06/2024 06:34:57,1:0:57,,Meditation
09/05/2024 06:29:16,1:5:0,,Meditation
09/04/2024 06:40:03,1:0:28,,Meditation
09/03/2024 05:09:38,1:0:50,,Meditation
09/02/2024 10:00:00,0:36:0,,Meditation
09/01/2024 09:37:00,0:9:0,,Meditation
08/31/2024 13:56:14,0:51:11,,Meditation
08/30/2024 18:06:10,0:14:51,,Meditation
08/29/2024 20:51:15,0:7:14,,Meditation
08/28/2024 08:54:53,0:49:25,,Meditation
08/27/2024 21:29:59,1:5:0,,Meditation
08/26/2024 17:55:05,1:5:0,,Meditation
08/25/2024 20:07:51,0:17:29,,Meditation
08/24/2024 07:35:53,1:5:0,,Meditation
08/23/2024 22:17:45,0:5:47,,Meditation
08/23/2024 18:09:49,0:13:47,,Meditation
08/22/2024 06:57:23,1:5:0,,Meditation
08/21/2024 07:06:58,0:45:21,,Meditation
08/20/2024 06:56:46,1:1:54,,Meditation
08/19/2024 06:50:15,1:4:33,,Meditation
08/18/2024 16:52:51,0:11:49,,Meditation
08/17/2024 22:20:55,0:1:36,,Meditation
08/16/2024 10:25:57,0:54:38,,Meditation
08/15/2024 09:03:25,1:7:4,,Meditation
08/14/2024 17:30:34,0:21:3,,Meditation
08/14/2024 13:25:02,0:22:23,,Meditation
08/13/2024 09:23:25,1:6:12,,Meditation
08/12/2024 21:30:29,1:6:18,,Meditation
08/11/2024 23:19:58,0:5:53,,Meditation
08/10/2024 11:46:23,1:0:1,,Meditation
08/10/2024 02:07:07,0:12:55,,Meditation
08/08/2024 11:08:50,1:0:59,,Meditation
08/07/2024 21:41:31,1:5:0,,Meditation
08/06/2024 09:47:09,1:5:0,,Meditation
08/05/2024 08:40:57,0:26:55,,Meditation
08/04/2024 11:08:35,0:54:21,,Meditation
08/03/2024 15:19:28,0:24:54,,Meditation
08/02/2024 07:45:54,1:2:37,,Meditation
08/01/2024 08:31:19,1:4:16,,Meditation
07/31/2024 09:46:09,1:5:0,,Meditation
07/30/2024 20:03:28,1:5:0,,Meditation
07/29/2024 09:52:27,1:3:0,,Meditation
07/28/2024 13:01:00,1:5:53,,Meditation
07/27/2024 09:53:28,1:2:23,,Meditation
07/26/2024 22:54:08,0:47:33,,Meditation
07/25/2024 11:41:56,0:53:8,,Meditation
07/25/2024 11:30:14,0:11:39,,Meditation
07/24/2024 19:00:20,0:13:56,,Meditation
07/23/2024 10:31:58,1:5:0,,Meditation
07/22/2024 09:35:16,1:5:0,,Meditation
07/21/2024 09:49:43,0:28:50,,Meditation
07/21/2024 06:42:30,0:22:25,,Meditation
07/20/2024 07:39:59,1:0:29,,Meditation
07/19/2024 06:14:55,1:5:0,,Meditation
07/18/2024 05:37:13,1:4:1,,Meditation
07/17/2024 05:41:00,1:0:8,,Meditation
07/16/2024 06:48:30,1:6:52,,Meditation
07/15/2024 09:00:47,1:0:36,,Meditation
07/14/2024 20:25:34,0:16:50,,Meditation
07/13/2024 11:17:16,1:5:0,,Meditation
07/12/2024 06:35:41,1:3:52,,Meditation
07/11/2024 06:07:23,1:1:3,,Meditation
07/10/2024 23:59:16,0:10:52,,Meditation
07/10/2024 03:50:33,0:20:9,,Meditation
07/09/2024 14:00:32,1:2:16,,Meditation
07/08/2024 23:57:45,1:0:22,,Meditation
07/08/2024 16:02:30,0:17:46,,Meditation
07/07/2024 12:52:44,1:0:30,,Meditation
07/06/2024 22:23:55,1:5:35,,Meditation
07/06/2024 11:37:14,0:16:48,,Meditation
07/05/2024 11:49:17,0:49:53,,Meditation
07/05/2024 07:09:43,0:21:24,,Meditation
07/04/2024 09:45:19,1:2:7,,Meditation
07/03/2024 10:29:55,1:2:23,,Meditation
07/02/2024 07:36:27,1:6:28,,Meditation
07/01/2024 16:53:14,1:30:33,,Meditation
06/30/2024 20:10:38,1:4:2,,Meditation
06/29/2024 16:35:04,1:5:0,,Meditation
06/28/2024 11:06:27,0:42:48,,Meditation
06/28/2024 06:22:13,0:20:48,,Meditation
06/27/2024 09:40:18,1:5:0,,Meditation
06/26/2024 22:37:28,0:7:6,,Meditation
06/26/2024 07:45:41,0:20:44,,Meditation
06/25/2024 07:40:40,1:5:0,,Meditation
06/24/2024 06:00:31,1:5:0,,Meditation
06/23/2024 02:31:33,1:2:9,,Meditation
06/22/2024 07:33:46,0:34:45,,Meditation
06/21/2024 02:02:44,0:24:17,,Meditation
06/20/2024 23:37:53,0:13:22,,Meditation
06/19/2024 22:26:32,1:0:29,,Meditation
06/18/2024 22:36:28,0:54:13,,Meditation
06/18/2024 15:59:19,0:16:9,,Meditation
06/16/2024 22:10:22,0:44:59,,Meditation
06/15/2024 22:16:54,1:0:25,,Meditation
06/14/2024 22:15:58,0:56:26,,Meditation
06/14/2024 02:22:41,0:35:15,,Meditation
06/14/2024 00:44:09,0:13:8,,Meditation
06/13/2024 21:47:48,0:19:41,,Meditation
06/12/2024 23:36:46,0:49:24,,Meditation
06/11/2024 21:14:06,1:5:21,,Meditation
06/10/2024 22:24:34,1:4:51,,Meditation
06/10/2024 06:24:02,0:47:45,,Meditation
06/10/2024 00:28:10,1:5:0,,Meditation
06/09/2024 23:05:23,1:5:0,,Meditation
06/08/2024 03:52:17,1:2:6,,Meditation
06/07/2024 08:23:43,1:13:52,,Meditation
06/06/2024 06:24:05,0:56:59,,Meditation
06/05/2024 07:14:53,1:0:2,,Meditation
06/04/2024 09:21:41,1:4:38,,Meditation
06/03/2024 07:17:54,1:5:23,,Meditation
06/02/2024 11:52:32,1:0:40,,Meditation
06/01/2024 07:14:58,1:2:6,,Meditation
05/31/2024 09:54:16,1:2:34,,Meditation
05/30/2024 20:22:29,1:0:46,,Meditation
05/29/2024 06:36:19,1:5:0,,Meditation
05/28/2024 06:35:59,1:5:12,,Meditation
05/27/2024 08:29:49,1:1:25,,Meditation
05/26/2024 09:24:43,1:5:0,,Meditation
05/25/2024 10:41:03,1:0:12,,Meditation
05/24/2024 06:39:16,1:6:5,,Meditation
05/23/2024 06:35:53,1:5:0,,Meditation
05/22/2024 06:06:09,1:0:26,,Meditation
05/21/2024 06:32:46,1:5:27,,Meditation
05/20/2024 06:30:48,1:5:18,,Meditation
05/19/2024 09:38:03,1:4:17,,Meditation
05/18/2024 09:55:13,1:3:3,,Meditation
05/17/2024 06:29:12,1:5:0,,Meditation
05/16/2024 06:28:59,1:5:0,,Meditation
05/15/2024 06:33:06,1:10:2,,Meditation
05/14/2024 06:35:52,1:5:0,,Meditation
05/13/2024 06:46:30,1:2:31,,Meditation
05/12/2024 22:12:25,1:1:39,,Meditation
05/11/2024 20:19:28,1:0:8,,Meditation
05/10/2024 06:32:50,1:5:50,,Meditation
05/09/2024 06:36:12,1:7:15,,Meditation
05/08/2024 06:35:39,1:5:51,,Meditation
05/07/2024 06:31:37,1:6:4,,Meditation
05/06/2024 06:44:09,1:4:2,,Meditation
05/05/2024 23:52:42,0:0:6,,Meditation
05/04/2024 23:07:04,0:0:28,,Meditation
05/03/2024 23:56:44,0:11:22,,Meditation
05/03/2024 23:49:35,0:0:17,,Meditation
05/02/2024 06:38:48,1:6:20,,Meditation
05/01/2024 06:20:32,1:4:20,,Meditation
04/30/2024 06:21:03,1:5:59,,Meditation
04/29/2024 06:28:05,1:7:24,,Meditation
04/28/2024 06:18:25,1:6:23,,Meditation
04/27/2024 03:27:17,1:3:34,,Meditation
04/26/2024 06:41:09,0:59:35,,Meditation
04/25/2024 06:56:19,1:0:0,,Meditation
04/24/2024 06:44:22,1:0:0,,Meditation
04/23/2024 23:19:53,0:21:30,,Meditation
04/23/2024 21:56:29,0:31:7,,Meditation
04/22/2024 06:49:19,1:2:11,,Meditation
04/21/2024 09:48:36,1:0:0,,Meditation
04/20/2024 10:08:51,0:57:18,,Meditation
04/19/2024 06:43:44,0:59:37,,Meditation
04/18/2024 06:34:08,1:4:23,,Meditation
04/17/2024 06:31:51,1:5:9,,Meditation
04/16/2024 06:47:37,1:0:0,,Meditation
04/15/2024 06:35:40,0:57:1,,Meditation
04/14/2024 07:47:59,1:0:0,,Meditation
04/13/2024 04:36:22,0:52:45,,Meditation
04/12/2024 06:51:08,1:0:0,,Meditation
04/11/2024 06:55:53,1:0:0,,Meditation
04/10/2024 06:46:39,1:0:0,,Meditation
04/09/2024 06:36:38,1:2:36,,Meditation
04/08/2024 06:53:11,1:0:0,,Meditation
04/07/2024 07:52:02,1:1:24,,Meditation
04/06/2024 09:41:39,1:1:47,,Meditation
04/05/2024 09:13:41,1:0:0,,Meditation
04/04/2024 07:42:02,1:2:17,,Meditation
04/03/2024 09:03:42,1:5:0,,Meditation
04/02/2024 09:20:49,1:0:0,,Meditation
04/01/2024 07:09:55,1:0:0,,Meditation
03/31/2024 07:59:38,1:1:48,,Meditation
03/30/2024 08:07:25,1:0:0,,Meditation
03/29/2024 07:35:45,1:0:0,,Meditation
03/28/2024 08:38:40,0:57:59,,Meditation
03/27/2024 05:34:47,0:54:50,,Meditation
03/26/2024 06:36:54,1:0:0,,Meditation
03/25/2024 02:53:03,1:1:17,,Meditation
03/24/2024 03:26:45,0:30:10,,Meditation
03/23/2024 06:22:07,0:29:38,,Meditation
03/22/2024 13:15:42,0:42:4,,Meditation
03/21/2024 06:54:47,1:0:0,,Meditation
03/20/2024 06:45:05,1:0:0,,Meditation
03/19/2024 06:47:02,1:0:0,,Meditation
03/18/2024 06:42:04,1:0:0,,Meditation
03/17/2024 21:28:56,0:56:42,,Meditation
03/16/2024 06:06:02,0:23:23,,Meditation
03/16/2024 05:37:24,0:21:53,,Meditation
03/15/2024 06:40:01,1:0:0,,Meditation
03/14/2024 06:43:35,1:0:0,,Meditation
03/13/2024 06:40:14,1:0:0,,Meditation
03/12/2024 06:38:56,1:0:0,,Meditation
03/11/2024 10:06:48,0:51:10,,Meditation
03/10/2024 19:20:05,1:0:0,,Meditation
03/09/2024 20:48:17,0:20:54,,Meditation
03/09/2024 11:21:17,0:15:56,,Meditation
03/08/2024 06:48:26,1:0:0,,Meditation
03/07/2024 23:51:21,0:28:40,,Meditation
03/06/2024 07:53:01,0:55:27,,Meditation
03/05/2024 22:42:50,0:31:9,,Meditation
03/04/2024 06:54:34,0:54:13,,Meditation
03/03/2024 06:56:22,1:0:0,,Meditation
03/02/2024 10:12:25,0:59:13,,Meditation
03/01/2024 06:50:10,0:56:49,,Meditation
02/29/2024 06:57:58,1:0:0,,Meditation
02/28/2024 06:51:59,1:0:27,,Meditation
02/27/2024 08:39:47,0:57:2,,Meditation
02/26/2024 06:53:37,1:0:0,,Meditation
02/25/2024 16:05:02,0:32:13,,Meditation
02/25/2024 12:41:41,0:35:34,,Meditation
02/24/2024 09:04:54,0:59:55,,Meditation
02/23/2024 07:02:48,1:0:0,,Meditation
02/22/2024 08:20:47,0:56:25,,Meditation
02/21/2024 06:31:48,0:55:32,,Meditation
02/20/2024 06:28:48,1:0:50,,Meditation
02/19/2024 10:58:22,1:0:47,,Meditation
02/18/2024 09:26:16,1:0:0,,Meditation
02/17/2024 06:06:02,1:0:0,,Meditation
02/16/2024 03:06:50,1:0:0,,Meditation
02/15/2024 07:56:50,1:0:19,,Meditation
02/14/2024 07:46:25,1:0:32,,Meditation
02/13/2024 07:45:52,1:0:25,,Meditation
02/12/2024 08:17:24,1:0:0,,Meditation
02/11/2024 21:14:11,1:0:0,,Meditation
02/10/2024 11:20:00,1:5:8,,Meditation
02/09/2024 15:23:47,0:51:12,,Meditation
02/09/2024 06:55:16,0:28:35,,Meditation
02/08/2024 06:42:41,1:2:59,,Meditation
02/07/2024 06:55:07,1:0:0,,Meditation
02/06/2024 08:16:18,0:24:56,,Meditation
02/06/2024 06:29:59,0:28:7,,Meditation
02/05/2024 07:05:32,0:54:24,,Meditation
02/04/2024 10:19:58,1:3:28,,Meditation
02/03/2024 08:36:17,0:51:46,,Meditation
02/02/2024 06:53:40,1:4:1,,Meditation
02/01/2024 06:29:56,0:46:54,,Meditation
01/31/2024 10:17:42,0:53:45,,Meditation
01/30/2024 06:18:39,1:3:0,,Meditation
01/29/2024 08:05:48,0:47:16,,Meditation
01/28/2024 23:59:04,0:21:35,,Meditation
01/28/2024 10:35:03,0:16:16,,Meditation
01/27/2024 09:22:00,1:1:27,,Meditation
01/26/2024 06:27:23,0:48:10,,Meditation
01/25/2024 06:27:20,1:4:56,,Meditation
01/24/2024 06:26:26,0:56:37,,Meditation
01/23/2024 06:34:34,1:4:41,,Meditation
01/22/2024 06:35:39,1:3:0,,Meditation
01/21/2024 08:11:01,1:0:20,,Meditation
01/20/2024 13:39:33,0:51:43,,Meditation
01/19/2024 06:32:17,1:3:0,,Meditation
01/18/2024 06:40:08,1:1:0,,Meditation
01/17/2024 07:23:50,1:3:18,,Meditation
01/16/2024 23:58:43,0:25:12,,Meditation
01/16/2024 08:11:41,0:31:28,,Meditation
01/15/2024 10:43:24,0:54:35,,Meditation
01/14/2024 09:39:07,0:56:18,,Meditation
01/13/2024 10:21:25,0:52:0,,Meditation
01/12/2024 06:30:41,1:3:0,,Meditation
01/11/2024 06:30:19,0:53:2,,Meditation
01/11/2024 03:36:50,0:13:38,,Meditation
01/10/2024 07:13:24,1:5:29,,Meditation
01/09/2024 06:36:47,0:52:0,,Meditation
01/08/2024 06:33:16,0:53:12,,Meditation
01/08/2024 00:53:16,0:17:42,,Meditation
01/07/2024 12:11:55,0:53:3,,Meditation
01/06/2024 23:59:53,0:21:17,,Meditation
01/05/2024 06:56:54,0:52:0,,Meditation
01/04/2024 06:50:23,0:52:37,,Meditation
01/03/2024 07:35:33,0:52:0,,Meditation
01/02/2024 07:56:20,0:52:34,,Meditation
01/01/2024 23:15:49,0:52:0,,Meditation
12/31/2023 07:09:05,0:19:20,,Meditation
12/30/2023 02:22:46,0:54:37,,Meditation
12/29/2023 13:30:47,0:52:36,,Meditation
12/28/2023 10:29:53,0:52:14,,Meditation
12/27/2023 08:01:50,0:52:38,,Meditation
12/26/2023 23:20:40,0:6:54,,Meditation
12/26/2023 13:23:58,0:46:51,,Meditation
12/26/2023 03:08:54,0:6:18,,Meditation
12/25/2023 22:41:14,0:14:12,,Meditation
12/25/2023 11:49:42,0:11:41,,Meditation
12/24/2023 16:33:26,0:35:2,,Meditation
12/24/2023 07:52:19,0:3:2,,Meditation
12/23/2023 09:06:59,0:29:44,,Meditation
12/22/2023 07:47:06,0:46:13,,Meditation
12/21/2023 07:44:16,0:46:0,,Meditation
12/20/2023 06:54:21,0:47:24,,Meditation
12/19/2023 07:44:57,0:46:0,,Meditation
12/19/2023 07:27:53,0:13:4,,Meditation
12/18/2023 10:32:43,0:47:27,,Meditation
12/17/2023 11:05:45,0:47:0,,Meditation
12/16/2023 09:08:56,0:24:59,,Meditation
12/16/2023 08:43:19,0:25:27,,Meditation
12/15/2023 08:30:53,0:6:26,,Meditation
12/14/2023 07:55:44,0:35:20,,Meditation
12/13/2023 07:17:16,0:32:56,,Meditation
12/12/2023 06:59:39,0:46:0,,Meditation
12/11/2023 06:41:55,0:47:24,,Meditation
12/10/2023 23:56:33,0:0:14,,Meditation
12/09/2023 08:27:03,0:44:0,,Meditation
12/08/2023 08:57:05,0:45:25,,Meditation
12/07/2023 06:48:50,0:45:48,,Meditation
12/06/2023 11:07:40,0:43:31,,Meditation
12/05/2023 06:39:47,0:45:0,,Meditation
12/04/2023 06:49:43,0:46:25,,Meditation
12/03/2023 11:21:20,0:40:26,,Meditation
12/02/2023 09:05:14,0:45:0,,Meditation
12/01/2023 06:20:14,0:45:0,,Meditation
11/30/2023 06:39:31,0:47:18,,Meditation
11/29/2023 07:10:01,0:45:0,,Meditation
11/28/2023 06:30:20,0:45:0,,Meditation
11/27/2023 05:35:09,0:35:0,,Meditation
11/26/2023 11:31:57,0:25:35,,Meditation
11/25/2023 23:45:34,0:15:30,,Meditation
11/24/2023 10:35:13,0:35:38,,Meditation
11/23/2023 12:55:59,0:2:14,,Meditation
11/21/2023 21:24:46,0:34:1,,Meditation
11/21/2023 14:59:37,0:0:51,,Meditation
11/19/2023 20:05:28,0:45:0,,Meditation
11/19/2023 02:23:11,0:23:31,,Meditation
11/18/2023 11:48:12,0:29:22,,Meditation
11/17/2023 06:59:56,0:45:0,,Meditation
11/16/2023 06:53:02,0:44:5,,Meditation
11/15/2023 07:03:01,0:41:25,,Meditation
11/14/2023 08:01:06,0:41:11,,Meditation
11/13/2023 07:23:00,0:40:0,,Meditation
11/12/2023 22:47:00,0:29:14,,Meditation
11/12/2023 12:57:43,0:3:6,,Meditation
11/11/2023 03:55:11,0:26:9,,Meditation
11/11/2023 03:53:24,0:1:28,,Meditation
11/10/2023 07:01:36,0:39:48,,Meditation
11/09/2023 08:18:02,0:36:0,,Meditation
11/08/2023 06:58:05,0:19:19,,Meditation
11/07/2023 07:13:22,0:35:0,,Meditation
11/06/2023 23:56:23,0:35:0,,Meditation
11/05/2023 08:52:20,0:26:11,,Meditation
11/04/2023 15:15:55,0:6:11,,Meditation
11/03/2023 07:49:38,0:11:3,,Meditation
11/02/2023 07:12:26,0:36:29,,Meditation
11/01/2023 07:17:42,0:35:40,,Meditation
10/31/2023 07:06:52,0:38:22,,Meditation
10/30/2023 07:08:47,0:35:41,,Meditation
10/29/2023 05:22:45,0:21:48,,Meditation
10/28/2023 11:50:51,0:32:0,,Meditation
10/27/2023 06:50:35,0:35:17,,Meditation
10/26/2023 07:06:43,0:33:51,,Meditation
10/25/2023 02:11:00,0:1:0,,Meditation
10/24/2023 07:42:24,0:32:40,,Meditation
10/23/2023 07:06:08,0:32:0,,Meditation
10/22/2023 09:48:16,0:32:0,,Meditation
10/21/2023 23:55:22,0:0:24,,Meditation
10/20/2023 08:01:34,0:13:1,,Meditation
10/19/2023 06:57:58,0:32:0,,Meditation
10/18/2023 07:31:00,0:29:0,,Meditation
10/17/2023 07:05:11,0:33:53,,Meditation
10/16/2023 06:59:53,0:21:2,,Meditation
10/15/2023 23:53:51,0:0:52,,Meditation
10/14/2023 19:20:09,0:2:54,,Meditation
10/13/2023 10:10:46,0:18:4,,Meditation
10/12/2023 04:22:30,0:35:36,,Meditation
10/11/2023 06:53:12,0:14:18,,Meditation
10/10/2023 07:26:25,0:15:40,,Meditation
10/09/2023 08:17:57,0:46:0,,Meditation
10/08/2023 11:57:31,0:5:59,,Meditation
10/07/2023 23:37:34,0:5:6,,Meditation
10/06/2023 07:46:02,0:6:37,,Meditation
10/05/2023 07:20:55,0:20:18,,Meditation
10/04/2023 09:12:14,0:12:34,,Meditation
10/03/2023 07:05:04,0:18:29,,Meditation
10/02/2023 08:13:24,0:19:2,,Meditation
10/01/2023 23:59:09,0:2:33,,Meditation
09/30/2023 12:18:24,0:6:58,,Meditation
09/29/2023 07:10:20,0:19:45,,Meditation
09/28/2023 07:11:51,0:18:8,,Meditation
09/27/2023 07:05:56,0:20:42,,Meditation
09/26/2023 22:07:34,0:0:57,,Meditation
09/25/2023 09:37:01,0:13:32,,Meditation
09/24/2023 23:42:20,0:0:46,,Meditation
09/23/2023 07:46:27,0:14:48,,Meditation
09/22/2023 08:02:11,0:12:15,,Meditation
09/21/2023 16:18:22,0:8:0,,Meditation
09/20/2023 10:13:04,0:16:38,,Meditation
09/19/2023 22:54:26,0:23:37,,Meditation
09/18/2023 11:40:09,0:3:40,,Meditation
09/17/2023 10:06:21,0:47:7,,Meditation
09/16/2023 22:44:42,0:15:11,,Meditation
09/15/2023 06:55:36,0:21:25,,Meditation
09/14/2023 07:08:16,0:46:0,,Meditation
09/13/2023 07:14:16,0:40:56,,Meditation
09/12/2023 07:06:56,0:36:26,,Meditation
09/11/2023 07:21:33,0:29:26,,Meditation
09/11/2023 07:20:29,0:0:45,,Meditation
09/10/2023 13:22:55,0:10:42,,Meditation
09/09/2023 23:01:41,0:13:40,,Meditation
09/08/2023 07:14:04,0:15:30,,Meditation
09/07/2023 07:31:45,0:3:23,,Meditation
08/31/2023 18:03:15,0:23:7,,Meditation
08/25/2023 06:59:50,0:46:0,,Meditation
08/24/2023 07:11:53,0:45:4,,Meditation
08/23/2023 06:56:56,0:17:35,,Meditation
08/22/2023 10:06:34,0:46:0,,Meditation
08/21/2023 07:55:16,0:46:0,,Meditation
08/20/2023 21:09:49,0:1:13,,Meditation
08/19/2023 07:38:23,0:48:58,,Meditation
08/18/2023 07:49:03,0:46:0,,Meditation
08/17/2023 07:35:12,0:46:0,,Meditation
08/16/2023 07:12:55,0:47:24,,Meditation
08/15/2023 10:29:10,0:46:0,,Meditation
08/14/2023 18:34:45,0:46:0,,Meditation
08/13/2023 07:48:08,0:46:0,,Meditation
08/12/2023 06:28:02,0:3:59,,Meditation
08/12/2023 05:31:12,0:15:49,,Meditation
08/11/2023 06:28:46,0:46:31,,Meditation
08/10/2023 00:23:00,0:22:20,,Meditation
08/09/2023 07:35:20,0:46:31,,Meditation
08/08/2023 01:04:49,0:31:57,,Meditation
08/06/2023 22:49:27,0:41:37,,Meditation
08/06/2023 12:41:03,0:6:5,,Meditation
08/06/2023 12:36:19,0:1:32,,Meditation
08/04/2023 22:32:58,0:45:31,,Meditation
08/03/2023 22:36:53,0:45:31,,Meditation
08/02/2023 22:40:23,0:45:31,,Meditation
08/02/2023 00:07:12,0:34:11,,Meditation
08/01/2023 03:33:59,0:45:31,,Meditation
07/31/2023 01:03:40,0:45:31,,Meditation
07/30/2023 01:35:42,0:45:31,,Meditation
07/29/2023 01:06:46,0:34:59,,Meditation
07/28/2023 00:55:56,0:34:29,,Meditation
07/27/2023 22:28:59,0:4:30,,Meditation
07/26/2023 22:45:19,0:45:31,,Meditation
07/25/2023 21:14:00,0:50:20,,Meditation
07/24/2023 22:55:00,0:46:31,,Meditation
07/23/2023 22:36:31,0:46:53,,Meditation
07/23/2023 00:46:21,0:46:8,,Meditation
07/21/2023 23:26:45,0:45:31,,Meditation
07/21/2023 11:39:07,0:0:56,,Meditation
07/20/2023 22:29:06,0:45:31,,Meditation
07/20/2023 06:23:09,0:5:53,,Meditation
07/20/2023 05:43:04,0:36:47,,Meditation
07/19/2023 11:07:14,0:45:31,,Meditation
07/18/2023 23:34:17,0:14:46,,Meditation
07/18/2023 13:02:06,0:25:48,,Meditation
07/17/2023 10:08:56,0:45:31,,Meditation
07/16/2023 23:59:17,0:16:17,,Meditation
07/15/2023 09:01:09,0:47:18,,Meditation
07/14/2023 07:50:32,0:46:53,,Meditation
07/13/2023 14:36:29,0:42:8,,Meditation
07/13/2023 12:33:48,0:12:52,,Meditation
07/12/2023 07:54:51,0:48:0,,Meditation
07/11/2023 23:27:15,0:9:43,,Meditation
07/11/2023 07:22:55,0:49:1,,Meditation
07/11/2023 07:08:36,0:6:50,,Meditation
07/10/2023 06:53:06,0:45:31,,Meditation
07/09/2023 05:43:51,0:55:1,,Meditation
07/08/2023 09:44:45,0:19:8,,Meditation
07/08/2023 07:21:52,0:16:37,,Meditation
07/07/2023 10:03:59,0:17:1,,Meditation
07/07/2023 05:28:15,0:41:1,,Meditation
07/06/2023 11:30:14,0:4:56,,Meditation
07/05/2023 07:10:52,0:45:31,,Meditation
07/04/2023 09:35:59,0:45:31,,Meditation
07/03/2023 09:26:32,0:45:31,,Meditation
07/02/2023 23:40:38,0:7:24,,Meditation
07/02/2023 23:21:08,0:8:22,,Meditation
07/02/2023 06:19:16,0:45:9,,Meditation
07/01/2023 15:16:51,0:22:19,,Meditation
06/30/2023 08:35:39,0:45:31,,Meditation
06/29/2023 08:35:33,0:44:45,,Meditation
06/28/2023 08:59:24,0:48:41,,Meditation
06/27/2023 07:07:32,0:46:17,,Meditation
06/26/2023 08:38:25,0:47:38,,Meditation
06/25/2023 08:59:53,0:45:31,,Meditation
06/24/2023 09:59:05,0:45:31,,Meditation
06/23/2023 04:32:05,0:47:44,,Meditation
06/22/2023 12:07:22,0:40:7,,Meditation
06/21/2023 21:37:01,0:8:44,,Meditation
06/20/2023 08:17:00,0:45:30,,Meditation
06/19/2023 23:17:16,0:45:31,,Meditation
06/18/2023 21:15:38,0:45:31,,Meditation
06/18/2023 15:28:54,0:16:6,,Meditation
06/17/2023 15:28:00,0:15:0,,Meditation
06/16/2023 22:16:41,0:45:31,,Meditation
06/16/2023 11:37:40,0:16:37,,Meditation
06/15/2023 11:55:00,0:44:5,,Meditation
06/14/2023 21:30:55,0:45:31,,Meditation
06/13/2023 21:42:56,0:45:31,,Meditation
06/12/2023 20:23:56,0:45:31,,Meditation
06/12/2023 04:10:37,0:45:31,,Meditation
06/11/2023 11:33:50,0:9:35,,Meditation
06/10/2023 05:02:30,0:45:31,,Meditation
06/09/2023 06:37:39,0:44:35,,Meditation
06/08/2023 06:20:40,0:43:12,,Meditation
06/07/2023 09:18:24,0:41:31,,Meditation
06/06/2023 08:44:08,0:41:31,,Meditation
06/05/2023 03:22:13,0:41:31,,Meditation
06/04/2023 20:51:19,0:26:36,,Meditation
06/04/2023 08:35:49,0:31:0,,Meditation
06/03/2023 09:15:25,0:5:43,,Meditation
06/02/2023 07:51:24,0:40:11,,Meditation
06/01/2023 08:20:07,0:32:43,,Meditation
05/31/2023 08:08:54,0:41:31,,Meditation
05/30/2023 06:33:49,0:37:14,,Meditation
05/29/2023 18:38:46,0:30:48,,Meditation
05/28/2023 18:46:05,0:14:26,,Meditation
05/27/2023 17:37:16,0:7:59,,Meditation
05/26/2023 21:33:56,0:10:28,,Meditation
05/25/2023 07:08:34,0:47:19,,Meditation
05/24/2023 07:21:47,0:36:57,,Meditation
05/23/2023 06:51:41,0:42:29,,Meditation
05/22/2023 09:31:02,0:39:53,,Meditation
05/21/2023 06:58:43,0:42:49,,Meditation
05/20/2023 23:55:37,0:19:37,,Meditation
05/19/2023 06:31:30,0:41:31,,Meditation
05/18/2023 00:45:44,0:5:17,,Meditation
05/17/2023 10:15:56,0:39:41,,Meditation
05/16/2023 06:46:15,0:40:31,,Meditation
05/15/2023 20:05:58,0:10:31,,Meditation
05/14/2023 23:59:24,0:5:53,,Meditation
05/13/2023 06:31:47,0:45:21,,Meditation
05/12/2023 07:08:57,0:39:31,,Meditation
05/11/2023 03:35:06,0:47:28,,Meditation
05/10/2023 08:24:56,0:32:34,,Meditation
05/09/2023 09:27:03,0:39:31,,Meditation
05/08/2023 07:06:10,0:41:1,,Meditation
05/07/2023 07:34:15,0:22:49,,Meditation
05/06/2023 08:50:38,0:33:36,,Meditation
05/05/2023 03:31:05,0:39:31,,Meditation
05/04/2023 07:14:13,0:39:31,,Meditation
05/03/2023 06:52:14,0:39:31,,Meditation
05/02/2023 05:55:31,0:39:31,,Meditation
05/01/2023 06:44:49,0:39:31,,Meditation
04/30/2023 08:25:30,0:39:31,,Meditation
04/29/2023 11:56:03,0:39:31,,Meditation
04/28/2023 23:56:11,0:0:8,,Meditation
04/27/2023 10:08:00,0:39:31,,Meditation
04/26/2023 08:16:04,0:35:31,,Meditation
04/25/2023 08:10:33,0:39:31,,Meditation
04/24/2023 07:52:48,0:10:18,,Meditation
04/23/2023 08:26:33,0:21:10,,Meditation
04/22/2023 20:38:07,0:42:17,,Meditation
04/22/2023 05:48:16,0:19:13,,Meditation
04/21/2023 10:09:23,0:37:31,,Meditation
04/20/2023 07:09:55,0:37:31,,Meditation
04/19/2023 07:13:22,0:35:41,,Meditation
04/18/2023 10:21:35,0:27:0,,Meditation
04/17/2023 06:56:20,0:37:31,,Meditation
04/16/2023 08:33:57,0:37:31,,Meditation
04/15/2023 13:11:29,0:30:16,,Meditation
04/14/2023 07:50:52,0:35:25,,Meditation
04/13/2023 10:11:41,0:37:31,,Meditation
04/12/2023 23:54:12,0:3:41,,Meditation
04/11/2023 11:58:25,0:23:27,,Meditation
04/10/2023 04:32:13,0:40:10,,Meditation
04/09/2023 20:49:28,0:23:15,,Meditation
04/08/2023 07:54:55,0:37:31,,Meditation
04/07/2023 07:58:30,0:37:56,,Meditation
04/06/2023 07:58:26,0:36:31,,Meditation
04/05/2023 05:05:06,0:36:31,,Meditation
04/04/2023 08:43:57,0:36:31,,Meditation
04/03/2023 09:01:37,0:27:29,,Meditation
04/02/2023 16:09:35,0:13:23,,Meditation
04/01/2023 09:52:10,0:36:31,,Meditation
03/31/2023 08:25:30,0:38:15,,Meditation
03/30/2023 07:44:28,0:37:58,,Meditation
03/29/2023 09:41:25,0:38:7,,Meditation
03/28/2023 13:38:12,0:24:19,,Meditation
03/28/2023 00:13:15,0:1:1,,Meditation
03/26/2023 23:44:56,0:13:18,,Meditation
03/26/2023 08:42:21,0:3:53,,Meditation
03/25/2023 05:28:52,0:38:11,,Meditation
03/24/2023 07:12:07,0:31:39,,Meditation
03/23/2023 07:40:19,0:38:59,,Meditation
03/22/2023 07:29:23,0:20:32,,Meditation
03/21/2023 08:05:05,0:36:31,,Meditation
03/20/2023 07:26:00,0:23:32,,Meditation
03/19/2023 19:42:07,0:14:35,,Meditation
03/19/2023 10:04:56,0:7:21,,Meditation
03/18/2023 23:52:18,0:3:5,,Meditation
03/17/2023 11:40:34,0:12:53,,Meditation
03/16/2023 07:43:03,0:35:31,,Meditation
03/15/2023 08:56:14,0:35:31,,Meditation
03/14/2023 09:44:12,0:20:47,,Meditation
03/13/2023 08:02:42,0:25:41,,Meditation
03/12/2023 06:41:34,0:18:32,,Meditation
03/11/2023 06:37:49,0:9:36,,Meditation
03/11/2023 06:36:26,0:1:19,,Meditation
03/10/2023 06:25:58,0:19:0,,Meditation
03/09/2023 08:28:41,0:30:31,,Meditation
03/08/2023 10:11:33,0:2:31,,Meditation
03/07/2023 10:40:24,0:30:1,,Meditation
03/06/2023 07:28:59,0:19:12,,Meditation
03/05/2023 09:44:21,0:5:41,,Meditation
03/04/2023 08:51:16,0:10:39,,Meditation
03/03/2023 07:11:19,0:26:30,,Meditation
03/02/2023 08:37:36,0:25:1,,Meditation
03/01/2023 20:00:13,0:23:36,,Meditation
02/28/2023 10:52:37,0:23:1,,Meditation
02/27/2023 08:54:42,0:23:1,,Meditation
02/26/2023 11:14:58,0:23:39,,Meditation
02/25/2023 08:47:40,0:24:21,,Meditation
02/24/2023 12:14:26,0:15:14,,Meditation
02/23/2023 09:51:01,0:14:28,,Meditation
02/22/2023 11:27:33,0:24:29,,Meditation
02/21/2023 06:37:25,0:12:42,,Meditation
02/20/2023 12:58:11,0:1:44,,Meditation
02/19/2023 15:48:48,0:0:4,,Meditation
02/18/2023 08:39:50,0:1:27,,Meditation
02/17/2023 21:43:17,0:22:1,,Meditation
02/17/2023 08:43:25,0:0:22,,Meditation
02/16/2023 01:58:00,0:22:1,,Meditation
02/15/2023 08:09:46,0:22:1,,Meditation
02/14/2023 23:26:13,0:3:50,,Meditation
02/13/2023 10:18:27,0:22:58,,Meditation
02/12/2023 10:12:30,0:13:57,,Meditation
02/11/2023 23:58:39,0:13:24,,Meditation
02/10/2023 14:20:45,0:20:32,,Meditation
02/09/2023 02:04:44,0:16:41,,Meditation
02/08/2023 23:59:32,0:11:23,,Meditation
02/07/2023 08:04:58,0:21:42,,Meditation
02/02/2023 13:43:12,0:44:53,,Meditation
02/01/2023 23:43:39,0:5:1,,Meditation
01/31/2023 11:58:33,0:22:36,,Meditation
01/30/2023 10:35:57,0:43:29,,Meditation
01/26/2023 11:34:43,0:34:31,,Meditation
01/26/2023 11:34:24,0:0:14,,Meditation
01/25/2023 09:46:00,0:40:40,,Meditation
01/18/2023 12:20:06,0:28:9,,Meditation
01/16/2023 23:52:31,0:1:34,,Meditation
01/15/2023 08:41:06,0:45:1,,Meditation
01/15/2023 08:40:56,0:0:3,,Meditation
01/14/2023 23:59:19,0:26:46,,Meditation
01/13/2023 09:15:27,0:45:46,,Meditation
01/12/2023 01:43:25,0:18:31,,Meditation
01/11/2023 09:26:47,0:45:13,,Meditation
01/10/2023 18:33:44,0:33:28,,Meditation
01/09/2023 11:42:59,0:16:4,,Meditation
01/08/2023 10:16:16,0:45:1,,Meditation
01/07/2023 20:32:49,0:11:58,,Meditation
01/06/2023 09:39:17,0:33:29,,Meditation
01/05/2023 08:44:34,0:45:35,,Meditation
01/04/2023 12:15:44,0:15:45,,Meditation
01/03/2023 09:24:30,0:45:1,,Meditation
01/02/2023 17:35:00,0:33:58,,Meditation
01/01/2023 13:14:36,0:22:2,,Meditation
12/23/2022 22:10:48,0:16:45,,Meditation
12/20/2022 19:10:07,0:16:15,,Meditation
12/04/2022 19:37:54,0:15:1,,Meditation
12/03/2022 11:58:31,0:15:1,,Meditation
12/02/2022 22:48:24,0:15:1,,Meditation
12/01/2022 07:08:22,0:15:1,,Meditation
11/30/2022 10:04:28,0:15:1,,Meditation
11/29/2022 06:56:20,0:15:1,,Meditation
09/05/2022 08:56:55,0:24:3,,Meditation
08/05/2022 14:38:12,0:52:1,,Meditation
08/04/2022 18:09:29,0:8:10,,Meditation
08/03/2022 19:23:00,0:7:43,,Meditation
08/02/2022 10:42:44,0:5:27,,Meditation
08/01/2022 08:13:06,0:18:28,,Meditation
07/31/2022 06:11:39,0:52:1,,Meditation
07/30/2022 23:28:47,0:11:17,,Meditation
07/29/2022 11:51:58,0:52:1,,Meditation
07/28/2022 10:14:25,0:53:38,,Meditation
07/27/2022 11:32:35,0:54:23,,Meditation
07/26/2022 08:25:56,0:52:59,,Meditation
07/25/2022 05:12:38,0:52:24,,Meditation
07/24/2022 12:19:19,0:21:24,,Meditation
07/23/2022 07:05:28,0:52:1,,Meditation
07/22/2022 05:16:26,0:52:34,,Meditation
07/21/2022 19:09:47,0:10:44,,Meditation
07/20/2022 03:03:12,0:54:49,,Meditation
07/19/2022 08:41:19,0:55:40,,Meditation
07/18/2022 13:01:01,0:50:43,,Meditation
07/17/2022 11:16:35,0:52:55,,Meditation
07/16/2022 10:00:58,0:54:14,,Meditation
07/15/2022 13:09:07,0:49:24,,Meditation
07/14/2022 09:01:10,0:52:49,,Meditation
07/13/2022 07:02:41,0:52:55,,Meditation
07/12/2022 09:49:01,0:34:2,,Meditation
07/12/2022 02:12:25,0:52:1,,Meditation
07/11/2022 22:06:43,0:33:59,,Meditation
07/11/2022 15:43:14,0:17:58,,Meditation
07/10/2022 23:59:37,0:2:42,,Meditation
07/09/2022 09:49:35,0:15:48,,Meditation
07/08/2022 06:28:45,0:50:51,,Meditation
07/07/2022 21:50:26,0:50:28,,Meditation
07/07/2022 00:55:50,0:21:29,,Meditation
07/05/2022 21:25:21,0:19:13,,Meditation
07/02/2022 21:19:38,0:42:55,,Meditation
06/30/2022 16:29:51,0:7:32,,Meditation
06/30/2022 12:58:41,0:17:15,,Meditation
06/29/2022 09:57:41,0:49:37,,Meditation
06/29/2022 04:11:24,0:12:30,,Meditation
06/28/2022 19:10:18,0:52:18,,Meditation
06/27/2022 23:59:33,0:31:27,,Meditation
06/27/2022 11:14:38,0:15:41,,Meditation
06/26/2022 22:11:30,0:9:41,,Meditation
06/25/2022 12:04:46,0:52:51,,Meditation
06/24/2022 08:54:48,0:52:46,,Meditation
06/23/2022 11:45:18,0:37:9,,Meditation
06/22/2022 23:59:45,0:27:21,,Meditation
06/21/2022 21:43:49,0:52:37,,Meditation
06/20/2022 23:59:41,0:30:1,,Meditation
06/20/2022 12:20:51,0:24:52,,Meditation
06/19/2022 10:40:45,0:26:48,,Meditation
06/19/2022 09:01:09,0:13:48,,Meditation
06/18/2022 23:46:23,0:15:36,,Meditation
06/17/2022 06:32:21,0:52:1,,Meditation
06/16/2022 03:39:30,0:56:39,,Meditation
06/15/2022 08:05:05,0:52:39,,Meditation
06/14/2022 09:04:54,0:53:14,,Meditation
06/13/2022 05:44:55,0:50:6,,Meditation
06/12/2022 05:53:05,0:11:25,,Meditation
06/11/2022 23:27:16,0:32:44,,Meditation
06/10/2022 07:05:40,0:52:1,,Meditation
06/09/2022 23:59:18,0:24:46,,Meditation
06/09/2022 09:41:58,0:22:57,,Meditation
06/08/2022 06:44:02,0:46:42,,Meditation
06/07/2022 09:09:13,0:55:32,,Meditation
06/06/2022 19:25:58,0:45:38,,Meditation
06/05/2022 10:32:33,0:33:36,,Meditation
06/04/2022 17:32:50,0:43:37,,Meditation
06/04/2022 15:43:53,0:19:51,,Meditation
06/03/2022 05:00:06,0:52:1,,Meditation
06/02/2022 02:42:37,0:54:30,,Meditation
06/01/2022 03:47:38,0:52:54,,Meditation
05/31/2022 23:34:58,0:30:18,,Meditation
05/31/2022 01:58:35,0:27:50,,Meditation
05/30/2022 09:16:12,0:38:7,,Meditation
05/30/2022 00:41:51,0:13:16,,Meditation
05/28/2022 20:09:30,0:57:3,,Meditation
05/28/2022 01:57:45,0:48:34,,Meditation
05/28/2022 01:46:18,0:4:9,,Meditation
05/27/2022 02:37:03,0:38:57,,Meditation
05/26/2022 09:35:58,0:21:51,,Meditation
05/26/2022 01:14:41,0:16:59,,Meditation
05/24/2022 22:06:50,0:52:38,,Meditation
05/23/2022 20:15:36,0:52:1,,Meditation
05/22/2022 21:04:49,0:52:26,,Meditation
05/21/2022 22:48:55,0:47:2,,Meditation
05/21/2022 00:02:24,0:17:49,,Meditation
05/20/2022 20:07:09,0:45:13,,Meditation
05/20/2022 10:31:12,0:8:17,,Meditation
05/19/2022 06:42:18,0:47:57,,Meditation
05/18/2022 23:42:35,0:19:34,,Meditation
05/18/2022 09:17:14,0:22:8,,Meditation
05/17/2022 11:55:50,0:52:1,,Meditation
05/16/2022 04:59:30,0:50:26,,Meditation
05/15/2022 09:41:27,0:52:38,,Meditation
05/14/2022 10:23:08,0:50:42,,Meditation
05/13/2022 07:15:26,0:42:4,,Meditation
05/12/2022 11:23:40,0:2:1,,Meditation
05/12/2022 07:56:02,0:53:24,,Meditation
05/11/2022 13:08:38,0:2:10,,Meditation
05/11/2022 09:38:14,0:42:56,,Meditation
05/11/2022 07:22:36,0:23:7,,Meditation
05/10/2022 06:37:45,0:42:46,,Meditation
05/09/2022 08:16:40,0:43:11,,Meditation
05/08/2022 14:49:38,0:42:40,,Meditation
05/08/2022 07:31:53,0:14:13,,Meditation
05/08/2022 04:15:00,0:14:13,,Meditation
05/08/2022 03:30:53,0:9:34,,Meditation
05/07/2022 19:24:19,0:0:4,,Meditation
05/07/2022 19:07:44,0:0:48,,Meditation
05/06/2022 13:12:04,0:10:0,,Meditation
05/05/2022 20:54:24,0:12:2,,Meditation
05/05/2022 12:18:24,0:12:2,,Meditation
05/04/2022 16:11:11,0:42:0,,Meditation
05/03/2022 09:15:37,0:42:0,,Meditation
05/02/2022 06:44:39,0:42:20,,Meditation
05/01/2022 08:20:14,0:31:36,,Meditation
04/30/2022 08:00:25,0:51:23,,Meditation
04/29/2022 08:59:59,0:51:49,,Meditation
04/28/2022 21:33:43,0:15:42,,Meditation
04/28/2022 12:22:20,0:15:50,,Meditation
04/27/2022 07:00:14,0:42:0,,Meditation
04/26/2022 08:27:08,0:42:0,,Meditation
04/25/2022 00:53:38,0:15:19,,Meditation
04/24/2022 11:41:03,0:47:14,,Meditation
04/23/2022 20:41:03,0:39:48,,Meditation
04/22/2022 22:33:51,0:3:59,,Meditation
04/21/2022 06:56:41,0:18:0,,Meditation
04/20/2022 16:44:11,0:11:42,,Meditation
04/19/2022 23:02:54,0:0:1,,Meditation
04/17/2022 08:36:36,0:28:4,,Meditation
04/16/2022 22:09:50,0:6:55,,Meditation
04/15/2022 06:21:32,0:8:47,,Meditation
04/14/2022 23:48:18,0:1:49,,Meditation
04/13/2022 09:44:48,0:21:18,,Meditation
04/12/2022 07:19:24,0:11:28,,Meditation
04/10/2022 22:51:02,0:7:39,,Meditation
04/06/2022 22:27:03,0:16:31,,Meditation
04/05/2022 22:09:06,0:30:30,,Meditation
04/04/2022 22:43:33,0:21:6,,Meditation
04/03/2022 23:03:20,0:13:7,,Meditation
04/02/2022 22:30:37,0:18:43,,Meditation
04/01/2022 22:51:42,0:25:39,,Meditation
03/31/2022 21:15:30,0:26:50,,Meditation
03/30/2022 21:54:22,0:15:58,,Meditation
03/27/2022 15:56:44,0:9:50,,Meditation
03/26/2022 03:28:53,0:13:18,,Meditation
03/25/2022 23:50:19,0:28:10,,Meditation
03/25/2022 20:48:11,0:13:55,,Meditation
03/24/2022 20:43:20,0:19:22,,Meditation
03/23/2022 07:21:23,1:3:0,,Meditation
03/22/2022 09:02:36,1:1:50,,Meditation
03/21/2022 09:51:00,1:3:0,,Meditation
03/20/2022 20:33:54,0:57:32,,Meditation
03/19/2022 08:50:44,0:52:27,,Meditation
03/18/2022 09:02:03,1:3:0,,Meditation
03/17/2022 23:59:43,0:18:16,,Meditation
03/16/2022 08:41:29,1:3:58,,Meditation
03/15/2022 07:55:46,1:3:0,,Meditation
03/15/2022 02:21:12,0:18:27,,Meditation
03/14/2022 10:08:49,0:34:47,,Meditation
03/13/2022 22:34:30,1:3:0,,Meditation
03/12/2022 05:42:06,0:43:50,,Meditation
03/11/2022 06:23:59,0:58:26,,Meditation
03/10/2022 14:10:44,0:2:0,,Meditation
03/10/2022 08:49:51,1:1:1,,Meditation
03/09/2022 01:23:55,0:34:2,,Meditation
03/08/2022 08:23:19,0:47:12,,Meditation
03/07/2022 23:59:20,0:30:20,,Meditation
03/06/2022 08:55:16,1:4:53,,Meditation
03/05/2022 07:46:18,1:1:1,,Meditation
03/04/2022 22:41:36,0:43:40,,Meditation
03/03/2022 21:48:45,0:30:28,,Meditation
03/03/2022 09:29:39,0:27:23,,Meditation
03/02/2022 23:38:59,0:5:42,,Meditation
03/01/2022 11:51:00,0:13:5,,Meditation
02/28/2022 18:16:23,1:1:1,,Meditation
02/27/2022 19:43:00,0:12:0,,Meditation
02/26/2022 08:16:23,1:1:1,,Meditation
02/25/2022 08:39:34,1:1:1,,Meditation
02/24/2022 08:04:29,1:1:1,,Meditation
02/23/2022 07:56:00,1:12:5,,Meditation
02/22/2022 04:46:15,1:1:1,,Meditation
02/21/2022 21:04:08,0:38:13,,Meditation
02/20/2022 10:12:00,0:50:5,,Meditation
02/20/2022 09:48:46,0:13:18,,Meditation
02/19/2022 08:28:02,1:1:1,,Meditation
02/18/2022 07:13:20,1:1:1,,Meditation
02/17/2022 14:00:00,0:22:0,,Meditation
02/17/2022 05:36:14,1:1:1,,Meditation
02/16/2022 06:47:29,0:49:36,,Meditation
02/15/2022 09:15:27,1:1:1,,Meditation
02/14/2022 23:58:07,1:1:1,,Meditation
02/13/2022 08:26:25,1:1:1,,Meditation
02/12/2022 07:33:45,0:44:12,,Meditation
02/11/2022 05:46:46,1:1:1,,Meditation
02/10/2022 09:52:26,1:1:1,,Meditation
02/09/2022 01:32:19,1:1:1,,Meditation
02/08/2022 05:04:11,1:1:1,,Meditation
02/07/2022 08:21:05,1:1:1,,Meditation
02/06/2022 23:59:01,0:17:42,,Meditation
02/05/2022 18:05:55,0:40:1,,Meditation
02/04/2022 07:18:04,0:32:8,,Meditation
02/03/2022 08:49:05,0:42:33,,Meditation
02/02/2022 09:19:38,0:21:29,,Meditation
02/01/2022 21:45:00,0:40:1,,Meditation
01/31/2022 23:55:09,0:28:13,,Meditation
01/30/2022 10:29:47,0:40:1,,Meditation
01/29/2022 08:03:44,0:40:1,,Meditation
01/27/2022 23:59:08,0:8:43,,Meditation
01/26/2022 07:13:19,0:40:1,,Meditation
01/25/2022 07:05:30,0:40:1,,Meditation
01/24/2022 05:58:19,0:40:1,,Meditation
01/23/2022 10:06:40,0:40:1,,Meditation
01/22/2022 19:49:33,0:40:1,,Meditation
01/21/2022 09:19:57,0:40:40,,Meditation
01/20/2022 06:36:03,0:24:43,,Meditation
01/20/2022 01:45:10,0:12:48,,Meditation
01/19/2022 08:15:25,0:40:1,,Meditation
01/18/2022 07:00:40,0:41:2,,Meditation
01/17/2022 08:00:44,0:40:1,,Meditation
01/16/2022 08:07:38,0:36:41,,Meditation
01/15/2022 23:33:25,0:35:1,,Meditation
01/14/2022 07:44:53,0:35:1,,Meditation
01/13/2022 06:52:47,0:32:36,,Meditation
01/12/2022 07:59:23,0:30:1,,Meditation
01/11/2022 06:59:14,0:28:27,,Meditation
01/10/2022 07:04:54,0:34:28,,Meditation
01/09/2022 10:51:43,0:25:36,,Meditation
01/08/2022 09:25:06,0:17:14,,Meditation
01/07/2022 05:57:17,0:20:1,,Meditation
01/06/2022 08:44:06,0:20:1,,Meditation
01/05/2022 10:49:02,0:18:0,,Meditation
01/05/2022 10:40:31,0:20:1,,Meditation
01/04/2022 10:42:03,0:16:29,,Meditation
01/03/2022 06:15:06,0:19:40,,Meditation
01/02/2022 09:56:07,0:16:18,,Meditation
01/01/2022 14:28:17,0:15:1,,Meditation
12/31/2021 05:49:15,0:15:1,,Meditation
12/30/2021 22:00:58,0:9:40,,Meditation
12/30/2021 22:00:51,0:15:1,,Meditation
12/29/2021 17:01:30,0:12:5,,Meditation
12/29/2021 17:01:20,0:15:1,,Meditation
12/28/2021 10:15:17,0:17:19,,Meditation
12/27/2021 12:12:15,0:11:1,,Meditation
12/26/2021 10:37:04,0:15:40,,Meditation
12/25/2021 11:55:33,0:7:1,,Meditation
12/24/2021 20:56:28,0:8:38,,Meditation
12/23/2021 11:08:18,0:15:55,,Meditation
12/19/2021 10:02:10,0:18:28,,Meditation
12/17/2021 17:06:13,0:5:58,,Meditation
12/16/2021 10:31:43,0:15:1,,Meditation
12/15/2021 07:58:02,0:11:39,,Meditation
12/15/2021 00:38:25,0:10:6,,Meditation
12/15/2021 00:38:14,0:7:1,,Meditation
12/14/2021 10:23:30,0:7:1,,Meditation
12/13/2021 06:57:42,0:16:39,,Meditation
12/12/2021 22:42:03,0:13:16,,Meditation
10/20/2021 10:23:30,0:31:45,,Meditation
10/19/2021 06:53:28,0:27:58,,Meditation
10/18/2021 09:32:36,0:24:35,,Meditation
10/17/2021 02:09:40,0:15:54,,Meditation
10/13/2021 23:58:27,0:3:19,,Meditation
10/12/2021 23:59:20,0:1:12,,Meditation
10/11/2021 10:23:46,0:4:19,,Meditation
10/10/2021 22:38:53,0:16:14,,Meditation
10/09/2021 23:50:08,0:2:59,,Meditation
10/08/2021 08:33:17,0:21:6,,Meditation
10/07/2021 14:21:45,0:13:24,,Meditation
10/06/2021 00:26:21,0:18:36,,Meditation
10/05/2021 10:24:11,0:16:35,,Meditation
10/04/2021 12:27:28,0:13:48,,Meditation
10/03/2021 10:00:59,0:14:18,,Meditation
10/02/2021 14:31:36,0:20:13,,Meditation
10/01/2021 10:20:15,0:17:33,,Meditation
09/25/2021 09:57:58,0:7:5,,Meditation
09/24/2021 23:56:23,0:1:0,,Meditation
09/23/2021 23:56:14,0:4:41,,Meditation
09/22/2021 08:06:15,0:50:3,,Meditation
09/21/2021 23:59:03,0:28:20,,Meditation
09/21/2021 21:49:25,0:19:25,,Meditation
09/20/2021 22:22:38,0:51:24,,Meditation
09/20/2021 20:43:11,0:17:23,,Meditation
09/19/2021 23:44:12,0:55:1,,Meditation
09/18/2021 13:48:37,0:6:59,,Meditation
09/17/2021 22:18:44,0:41:54,,Meditation
09/16/2021 23:59:18,0:18:52,,Meditation
09/16/2021 01:48:41,0:21:17,,Meditation
09/15/2021 13:36:15,0:13:49,,Meditation
09/14/2021 04:41:40,0:16:21,,Meditation
09/13/2021 05:57:25,0:56:6,,Meditation
09/12/2021 23:32:21,0:21:15,,Meditation
09/12/2021 10:16:14,0:52:34,,Meditation
09/11/2021 08:35:18,0:52:57,,Meditation
09/10/2021 07:59:06,0:52:40,,Meditation
09/09/2021 13:53:10,0:35:1,,Meditation
09/08/2021 06:01:36,0:52:58,,Meditation
09/07/2021 11:25:03,0:54:48,,Meditation
09/06/2021 10:21:22,0:52:0,,Meditation
09/05/2021 08:11:26,0:49:55,,Meditation
09/04/2021 08:53:43,0:16:18,,Meditation
09/03/2021 09:42:46,0:53:24,,Meditation
09/02/2021 06:17:37,0:54:16,,Meditation
09/01/2021 10:23:22,0:53:54,,Meditation
08/31/2021 07:44:56,0:51:0,,Meditation
08/30/2021 09:18:08,0:53:33,,Meditation
08/29/2021 10:09:04,1:0:6,,Meditation
08/29/2021 01:50:25,0:20:24,,Meditation
08/28/2021 08:42:05,0:45:16,,Meditation
08/27/2021 05:50:20,0:36:44,,Meditation
08/26/2021 10:16:19,0:52:29,,Meditation
08/25/2021 07:48:44,0:51:0,,Meditation
08/24/2021 08:52:04,0:54:52,,Meditation
08/23/2021 23:50:07,0:20:51,,Meditation
08/23/2021 08:10:04,0:25:45,,Meditation
08/22/2021 09:00:32,0:52:30,,Meditation
08/21/2021 08:50:05,0:53:41,,Meditation
08/20/2021 07:06:20,0:53:23,,Meditation
08/19/2021 22:55:15,0:21:57,,Meditation
08/19/2021 20:05:10,0:11:20,,Meditation
08/19/2021 02:19:14,0:16:22,,Meditation
08/18/2021 08:09:31,0:51:28,,Meditation
08/17/2021 07:20:33,0:51:27,,Meditation
08/16/2021 09:45:39,0:53:44,,Meditation
08/15/2021 06:35:17,0:51:54,,Meditation
08/14/2021 08:38:32,0:53:6,,Meditation
08/13/2021 06:07:25,0:54:5,,Meditation
08/12/2021 09:07:15,0:51:12,,Meditation
08/12/2021 04:35:03,0:15:0,,Meditation
08/11/2021 08:55:02,0:50:31,,Meditation
08/10/2021 23:55:31,0:50:36,,Meditation
08/09/2021 11:02:29,0:41:37,,Meditation
08/08/2021 23:59:39,0:34:30,,Meditation
08/08/2021 20:40:07,0:10:13,,Meditation
08/07/2021 05:52:11,0:53:31,,Meditation
08/06/2021 04:04:01,0:51:41,,Meditation
08/05/2021 06:36:31,0:50:56,,Meditation
08/04/2021 03:17:43,0:40:36,,Meditation
08/03/2021 05:20:35,0:48:10,,Meditation
08/02/2021 23:01:11,0:50:0,,Meditation
08/02/2021 16:31:45,0:25:8,,Meditation
08/01/2021 00:40:40,0:46:22,,Meditation
07/31/2021 05:29:48,0:47:50,,Meditation
07/30/2021 23:59:31,0:25:50,,Meditation
07/30/2021 01:44:31,0:46:54,,Meditation
07/29/2021 21:46:06,0:19:35,,Meditation
07/28/2021 23:59:18,0:38:41,,Meditation
07/27/2021 14:20:35,0:48:37,,Meditation
07/26/2021 06:54:03,0:47:19,,Meditation
07/25/2021 08:37:18,0:35:6,,Meditation
07/24/2021 22:08:52,0:47:14,,Meditation
07/23/2021 23:59:10,0:12:55,,Meditation
07/23/2021 12:43:53,0:2:17,,Meditation
07/22/2021 09:15:42,0:46:16,,Meditation
07/21/2021 10:04:38,0:37:52,,Meditation
07/20/2021 08:58:29,0:43:22,,Meditation
07/19/2021 23:59:48,0:14:32,,Meditation
07/19/2021 06:41:13,0:13:44,,Meditation
07/18/2021 23:59:44,0:15:3,,Meditation
07/17/2021 18:36:20,0:13:28,,Meditation
07/16/2021 11:01:42,0:29:36,,Meditation
07/15/2021 09:54:23,0:47:23,,Meditation
07/14/2021 09:40:06,0:46:0,,Meditation
07/13/2021 09:33:18,0:30:1,,Meditation
07/12/2021 22:18:47,0:40:54,,Meditation
07/11/2021 06:19:59,0:6:46,,Meditation
07/10/2021 22:34:34,0:45:20,,Meditation
07/10/2021 06:06:02,0:9:4,,Meditation
07/09/2021 04:16:29,0:15:13,,Meditation
07/08/2021 12:05:49,0:16:50,,Meditation
07/07/2021 03:30:56,0:49:24,,Meditation
07/06/2021 09:19:09,0:45:38,,Meditation
07/05/2021 22:59:49,0:45:40,,Meditation
07/04/2021 12:44:35,0:39:17,,Meditation
07/03/2021 12:42:37,0:27:57,,Meditation
07/02/2021 22:37:27,0:42:27,,Meditation
07/01/2021 23:55:04,0:1:5,,Meditation
06/30/2021 07:12:46,0:39:29,,Meditation
06/29/2021 07:46:13,0:39:7,,Meditation
06/28/2021 14:38:31,0:26:1,,Meditation
06/27/2021 08:21:29,0:24:12,,Meditation
06/26/2021 10:43:03,0:35:46,,Meditation
06/25/2021 08:19:45,0:35:54,,Meditation
06/24/2021 10:24:49,0:17:26,,Meditation
06/23/2021 09:04:37,0:26:36,,Meditation
06/22/2021 23:01:58,0:6:47,,Meditation
06/21/2021 08:43:11,0:36:14,,Meditation
06/20/2021 22:22:35,0:31:6,,Meditation
06/19/2021 09:27:29,0:42:4,,Meditation
06/18/2021 07:04:49,0:22:19,,Meditation
06/17/2021 07:41:59,0:14:26,,Meditation
06/16/2021 07:08:42,0:13:35,,Meditation
06/15/2021 05:50:32,0:19:27,,Meditation
06/14/2021 12:49:22,0:28:12,,Meditation
06/12/2021 11:34:26,0:21:26,,Meditation
06/08/2021 12:04:34,0:26:33,,Meditation
04/21/2021 23:58:18,0:24:21,,Meditation
04/20/2021 08:11:42,0:29:24,,Meditation
04/19/2021 07:46:30,0:23:59,,Meditation
04/18/2021 23:52:10,0:13:21,,Meditation
04/17/2021 11:13:40,0:14:57,,Meditation
04/16/2021 16:06:57,0:5:20,,Meditation
04/15/2021 13:39:34,0:17:41,,Meditation
04/14/2021 23:48:52,0:3:42,,Meditation
04/13/2021 09:10:49,0:21:8,,Meditation
04/12/2021 23:34:00,0:15:12,,Meditation
04/11/2021 13:14:06,0:11:9,,Meditation
04/10/2021 10:19:27,0:17:29,,Meditation
04/09/2021 09:32:55,0:15:13,,Meditation
04/08/2021 13:56:36,0:18:16,,Meditation
04/07/2021 16:23:52,0:12:46,,Meditation
04/06/2021 21:58:34,0:53:1,,Meditation
04/06/2021 21:34:23,0:12:39,,Meditation
04/05/2021 09:19:37,0:23:36,,Meditation
04/04/2021 10:11:31,0:37:47,,Meditation
04/03/2021 07:22:42,0:37:3,,Meditation
04/02/2021 07:42:26,0:33:51,,Meditation
04/01/2021 23:58:48,0:3:38,,Meditation
03/31/2021 02:42:07,0:17:48,,Meditation
03/30/2021 02:58:13,0:14:45,,Meditation
03/29/2021 06:36:29,1:5:7,,Meditation
03/28/2021 23:07:38,0:18:23,,Meditation
03/27/2021 10:32:20,0:26:41,,Meditation
03/26/2021 07:11:40,0:23:2,,Meditation
03/25/2021 23:57:57,0:13:55,,Meditation
03/24/2021 14:41:44,0:9:57,,Meditation
03/23/2021 23:59:03,0:56:57,,Meditation
03/22/2021 05:45:34,0:29:33,,Meditation
03/21/2021 13:33:22,0:30:36,,Meditation
03/20/2021 16:43:57,0:0:10,,Meditation
03/19/2021 11:00:01,0:43:52,,Meditation
03/18/2021 11:09:53,0:55:25,,Meditation
03/17/2021 23:14:51,0:29:27,,Meditation
03/16/2021 11:21:26,0:41:16,,Meditation
03/15/2021 23:56:19,0:35:2,,Meditation
03/14/2021 11:50:50,0:48:39,,Meditation
03/13/2021 12:44:29,0:28:28,,Meditation
03/12/2021 10:01:52,0:24:27,,Meditation
03/11/2021 07:50:31,0:52:47,,Meditation
03/10/2021 10:55:33,1:15:43,,Meditation
03/09/2021 06:36:39,1:0:2,,Meditation
03/08/2021 09:07:22,1:10:32,,Meditation
03/07/2021 23:01:47,1:12:15,,Meditation
03/07/2021 16:50:03,0:22:46,,Meditation
03/06/2021 11:28:03,1:11:9,,Meditation
03/05/2021 16:21:53,1:15:1,,Meditation
03/05/2021 10:36:46,0:39:50,,Meditation
03/04/2021 07:16:38,0:41:38,,Meditation
03/03/2021 10:19:26,1:10:30,,Meditation
03/02/2021 10:09:57,1:3:6,,Meditation
03/01/2021 07:40:29,1:10:56,,Meditation
02/28/2021 10:18:12,1:9:38,,Meditation
02/27/2021 09:54:38,1:11:56,,Meditation
02/26/2021 17:22:50,1:10:45,,Meditation
02/25/2021 06:56:43,1:10:43,,Meditation
02/24/2021 08:43:04,1:10:54,,Meditation
02/23/2021 08:38:23,0:52:50,,Meditation
02/22/2021 17:57:43,1:10:59,,Meditation
02/21/2021 08:25:06,1:2:43,,Meditation
02/20/2021 08:19:45,1:3:25,,Meditation
02/19/2021 06:52:07,1:8:33,,Meditation
02/18/2021 09:20:28,0:42:3,,Meditation
02/17/2021 06:05:14,1:6:24,,Meditation
02/16/2021 08:07:26,1:1:1,,Meditation
02/15/2021 11:39:55,1:2:10,,Meditation
02/14/2021 10:38:01,0:41:3,,Meditation
02/13/2021 23:09:50,0:33:22,,Meditation
02/12/2021 18:17:24,0:12:47,,Meditation
02/11/2021 23:51:38,0:34:7,,Meditation
02/10/2021 08:57:15,0:57:36,,Meditation
02/09/2021 08:17:10,1:0:11,,Meditation
02/08/2021 10:21:35,1:8:3,,Meditation
02/07/2021 11:24:49,0:35:21,,Meditation
02/06/2021 15:10:37,1:10:25,,Meditation
02/06/2021 13:14:31,0:46:8,,Meditation
02/05/2021 01:16:09,0:35:31,,Meditation
02/04/2021 10:18:03,1:3:2,,Meditation
02/03/2021 08:12:02,1:11:0,,Meditation
02/02/2021 00:26:34,1:1:48,,Meditation
02/01/2021 00:19:46,1:14:0,,Meditation
01/31/2021 10:31:51,1:10:13,,Meditation
01/30/2021 10:18:35,0:47:53,,Meditation
01/29/2021 22:27:45,1:14:0,,Meditation
01/28/2021 16:09:07,1:0:30,,Meditation
01/28/2021 16:08:49,1:14:0,,Meditation
01/27/2021 12:20:30,1:4:1,,Meditation
01/26/2021 10:38:38,1:14:0,,Meditation
01/25/2021 08:38:11,1:0:42,,Meditation
01/24/2021 12:56:13,1:5:54,,Meditation
01/23/2021 23:29:06,0:31:21,,Meditation
01/22/2021 09:46:00,1:2:5,,Meditation
01/21/2021 08:56:22,1:1:3,,Meditation
01/20/2021 08:01:09,1:10:40,,Meditation
01/19/2021 04:33:04,1:11:49,,Meditation
01/18/2021 10:18:47,1:7:0,,Meditation
01/17/2021 06:49:30,1:11:15,,Meditation
01/16/2021 10:06:17,1:9:44,,Meditation
01/15/2021 08:41:32,0:59:32,,Meditation
01/14/2021 01:24:40,0:54:55,,Meditation
01/13/2021 17:55:21,1:16:16,,Meditation
01/13/2021 11:32:36,0:37:55,,Meditation
01/12/2021 10:55:16,1:3:43,,Meditation
01/11/2021 10:38:04,1:10:1,,Meditation
01/10/2021 01:18:52,0:41:18,,Meditation
01/09/2021 09:29:21,1:30:0,,Meditation
01/08/2021 16:37:27,1:4:6,,Meditation
01/07/2021 09:43:09,1:3:13,,Meditation
01/06/2021 08:28:32,1:10:48,,Meditation
01/05/2021 11:32:05,1:4:17,,Meditation
01/04/2021 06:12:41,1:10:31,,Meditation
01/03/2021 08:19:59,1:12:53,,Meditation
01/02/2021 08:15:04,1:4:23,,Meditation
01/01/2021 11:53:44,1:3:13,,Meditation
12/31/2020 08:44:48,1:20:17,,Meditation
12/30/2020 07:48:11,1:1:15,,Meditation
12/29/2020 22:33:18,0:47:46,,Meditation
12/29/2020 08:46:56,0:25:11,,Meditation
12/28/2020 10:09:02,1:10:52,,Meditation
12/27/2020 21:21:46,1:14:6,,Meditation
12/27/2020 09:59:47,0:37:20,,Meditation
12/26/2020 12:45:44,1:9:20,,Meditation
12/25/2020 07:29:25,1:8:17,,Meditation
12/24/2020 08:27:39,1:5:31,,Meditation
12/23/2020 13:33:45,0:38:15,,Meditation
12/22/2020 08:24:24,1:3:40,,Meditation
12/21/2020 07:48:55,1:7:52,,Meditation
12/20/2020 13:49:14,1:12:56,,Meditation
12/19/2020 07:39:12,1:7:46,,Meditation
12/18/2020 09:36:01,1:7:39,,Meditation
12/17/2020 22:41:55,1:1:54,,Meditation
12/16/2020 22:45:21,1:11:24,,Meditation
12/15/2020 08:44:01,1:10:27,,Meditation
12/14/2020 08:58:44,1:7:55,,Meditation
12/13/2020 23:58:15,0:19:23,,Meditation
12/12/2020 21:50:51,1:11:23,,Meditation
12/12/2020 18:08:47,0:15:49,,Meditation
12/11/2020 10:48:58,1:11:20,,Meditation
12/10/2020 10:54:27,2:20:0,,Meditation
12/09/2020 07:13:09,1:1:31,,Meditation
12/08/2020 12:40:17,1:0:8,,Meditation
12/07/2020 23:59:17,1:11:14,,Meditation
12/07/2020 11:47:53,0:48:48,,Meditation
12/06/2020 05:43:37,0:34:35,,Meditation
12/05/2020 09:45:52,1:13:57,,Meditation
12/05/2020 01:01:06,2:20:0,,Meditation
12/04/2020 07:12:59,1:10:37,,Meditation
12/03/2020 08:31:23,1:14:43,,Meditation
12/02/2020 09:45:44,1:11:9,,Meditation
12/01/2020 07:04:41,1:11:37,,Meditation
11/30/2020 12:46:05,1:10:38,,Meditation
11/29/2020 09:43:22,1:16:24,,Meditation
11/28/2020 19:11:15,1:1:51,,Meditation
11/27/2020 16:18:56,1:8:37,,Meditation
11/26/2020 06:36:44,1:10:0,,Meditation
11/25/2020 07:51:59,1:10:0,,Meditation
11/24/2020 06:43:45,1:3:7,,Meditation
11/23/2020 07:34:47,1:10:0,,Meditation
11/22/2020 14:18:48,0:56:21,,Meditation
11/21/2020 11:54:47,1:10:0,,Meditation
11/20/2020 14:31:48,1:4:19,,Meditation
11/19/2020 10:05:11,1:15:40,,Meditation
11/18/2020 07:56:38,1:10:0,,Meditation
11/17/2020 12:39:20,1:10:0,,Meditation
11/16/2020 23:58:59,1:10:0,,Meditation
11/16/2020 18:40:21,0:35:37,,Meditation
11/15/2020 15:46:54,0:10:1,,Meditation
11/14/2020 07:27:20,1:2:5,,Meditation
11/13/2020 08:11:35,1:6:33,,Meditation
11/12/2020 01:03:28,1:10:0,,Meditation
11/11/2020 09:01:36,1:11:50,,Meditation
11/10/2020 07:23:08,1:0:2,,Meditation
11/09/2020 09:49:28,1:11:45,,Meditation
11/08/2020 09:40:17,1:0:29,,Meditation
11/07/2020 18:53:05,1:19:14,,Meditation
11/06/2020 07:13:27,1:4:47,,Meditation
11/05/2020 09:32:06,1:13:15,,Meditation
11/04/2020 10:32:02,1:11:30,,Meditation
11/03/2020 08:39:11,1:16:45,,Meditation
11/02/2020 20:28:23,1:18:23,,Meditation
11/01/2020 21:05:54,1:10:0,,Meditation
10/31/2020 19:34:57,0:1:34,,Meditation
10/30/2020 01:03:56,0:28:11,,Meditation
10/29/2020 06:15:36,0:58:1,,Meditation
10/28/2020 07:11:13,1:15:38,,Meditation
10/27/2020 07:56:33,1:13:12,,Meditation
10/26/2020 06:48:39,1:8:27,,Meditation
10/25/2020 13:10:13,1:11:14,,Meditation
10/24/2020 11:27:33,1:0:2,,Meditation
10/23/2020 05:06:25,1:11:52,,Meditation
10/22/2020 18:40:13,1:10:0,,Meditation
10/22/2020 16:10:32,0:18:1,,Meditation
10/21/2020 09:17:36,1:10:0,,Meditation
10/20/2020 08:34:16,1:11:1,,Meditation
10/19/2020 18:42:22,0:44:25,,Meditation
10/18/2020 12:10:35,0:45:52,,Meditation
10/18/2020 09:54:58,0:22:26,,Meditation
10/17/2020 08:27:33,1:3:30,,Meditation
10/16/2020 09:23:37,1:10:13,,Meditation
10/15/2020 06:51:37,0:52:20,,Meditation
10/14/2020 08:48:13,0:31:15,,Meditation
10/14/2020 06:03:20,0:28:57,,Meditation
10/13/2020 06:40:47,1:11:4,,Meditation
10/12/2020 05:24:22,1:10:0,,Meditation
10/11/2020 14:07:51,1:1:13,,Meditation
10/10/2020 10:29:40,1:17:6,,Meditation
10/09/2020 06:33:08,1:10:0,,Meditation
10/08/2020 08:19:46,1:10:0,,Meditation
10/07/2020 21:13:09,1:9:0,,Meditation
10/07/2020 08:06:09,0:58:1,,Meditation
10/06/2020 15:35:59,1:10:0,,Meditation
10/06/2020 11:58:15,0:33:21,,Meditation
10/05/2020 16:23:52,1:10:0,,Meditation
10/04/2020 10:15:50,1:3:23,,Meditation
10/03/2020 09:51:48,1:3:50,,Meditation
10/02/2020 07:38:22,0:48:33,,Meditation
10/01/2020 06:29:57,1:19:5,,Meditation
09/30/2020 07:11:55,1:12:41,,Meditation
09/29/2020 19:33:34,1:10:0,,Meditation
09/28/2020 09:02:00,1:11:24,,Meditation
09/27/2020 20:11:00,1:10:0,,Meditation
09/27/2020 09:36:12,0:43:14,,Meditation
09/26/2020 03:26:09,1:1:41,,Meditation
09/25/2020 18:35:41,1:4:20,,Meditation
09/24/2020 06:49:30,0:52:44,,Meditation
09/23/2020 07:11:59,0:30:17,,Meditation
09/22/2020 19:26:04,1:14:48,,Meditation
09/22/2020 06:25:24,1:6:20,,Meditation
09/21/2020 06:58:32,1:15:7,,Meditation
09/20/2020 21:35:56,1:7:17,,Meditation
09/20/2020 09:03:10,1:2:16,,Meditation
09/19/2020 07:03:51,1:22:15,,Meditation
09/18/2020 07:22:34,1:11:41,,Meditation
09/17/2020 02:30:12,1:10:47,,Meditation
09/16/2020 08:49:55,1:11:9,,Meditation
09/15/2020 17:20:17,1:0:0,,Meditation
09/15/2020 06:09:18,0:40:56,,Meditation
09/14/2020 08:39:17,1:10:0,,Meditation
09/13/2020 07:12:51,1:12:9,,Meditation
09/12/2020 08:18:14,0:55:1,,Meditation
09/11/2020 04:22:49,1:10:0,,Meditation
09/10/2020 08:18:30,1:17:28,,Meditation
09/09/2020 18:07:27,1:10:25,,Meditation
09/09/2020 08:07:59,1:11:39,,Meditation
09/08/2020 08:20:47,1:11:25,,Meditation
09/07/2020 22:45:09,1:3:51,,Meditation
09/06/2020 10:33:13,1:10:0,,Meditation
09/06/2020 10:15:57,0:10:0,,Meditation
09/05/2020 11:30:19,0:46:58,,Meditation
09/05/2020 11:25:47,1:10:0,,Meditation
09/04/2020 06:47:00,1:13:26,,Meditation
09/03/2020 10:25:37,1:11:14,,Meditation
09/02/2020 06:28:19,1:0:58,,Meditation
09/01/2020 20:02:43,1:18:35,,Meditation
09/01/2020 08:16:35,1:10:0,,Meditation
08/31/2020 06:39:10,1:11:39,,Meditation
08/30/2020 20:45:59,1:13:54,,Meditation
08/29/2020 07:04:16,1:13:0,,Meditation
08/28/2020 05:39:22,1:7:3,,Meditation
08/27/2020 07:15:59,1:11:12,,Meditation
08/26/2020 20:04:12,1:14:52,,Meditation
08/26/2020 03:20:33,1:13:22,,Meditation
08/25/2020 15:48:22,1:11:10,,Meditation
08/25/2020 06:54:30,1:11:19,,Meditation
08/24/2020 06:31:30,1:11:48,,Meditation
08/23/2020 09:14:18,1:14:16,,Meditation
08/22/2020 23:03:20,0:10:1,,Meditation
08/21/2020 09:57:37,0:16:47,,Meditation
08/20/2020 06:51:23,1:12:3,,Meditation
08/19/2020 09:21:04,0:45:28,,Meditation
08/18/2020 05:32:43,1:1:24,,Meditation
08/17/2020 18:22:35,0:11:50,,Meditation
08/16/2020 23:17:16,1:0:50,,Meditation
08/16/2020 07:15:59,1:10:29,,Meditation
08/15/2020 06:55:23,1:1:2,,Meditation
08/14/2020 10:13:20,1:11:41,,Meditation
08/13/2020 12:05:50,1:10:27,,Meditation
08/12/2020 07:21:14,1:0:1,,Meditation
08/11/2020 09:34:55,1:10:35,,Meditation
08/10/2020 22:05:49,1:0:39,,Meditation
08/09/2020 05:34:56,1:10:40,,Meditation
08/08/2020 00:46:54,1:10:0,,Meditation
08/07/2020 07:05:33,1:10:0,,Meditation
08/06/2020 09:06:41,1:1:0,,Meditation
08/06/2020 01:13:40,0:42:12,,Meditation
08/05/2020 08:24:02,1:11:31,,Meditation
08/04/2020 15:08:08,0:41:43,,Meditation
08/03/2020 11:05:26,1:11:52,,Meditation
08/02/2020 21:10:08,1:14:40,,Meditation
08/01/2020 10:42:47,1:11:7,,Meditation
07/31/2020 11:10:05,1:10:0,,Meditation
07/30/2020 12:46:48,1:14:13,,Meditation
07/29/2020 07:43:53,1:14:44,,Meditation
07/28/2020 09:25:00,1:8:4,,Meditation
07/27/2020 21:33:20,1:14:47,,Meditation
07/27/2020 09:42:22,1:12:27,,Meditation
07/26/2020 22:47:29,1:20:0,,Meditation
07/26/2020 11:16:13,1:16:21,,Meditation
07/25/2020 14:03:23,0:30:48,,Meditation
07/24/2020 12:40:52,1:12:1,,Meditation
07/23/2020 11:27:00,1:10:27,,Meditation
07/22/2020 10:30:00,1:11:53,,Meditation
07/21/2020 14:31:57,1:10:0,,Meditation
07/21/2020 08:38:51,1:0:7,,Meditation
07/20/2020 09:43:29,1:10:52,,Meditation
07/19/2020 23:33:32,1:19:38,,Meditation
07/18/2020 06:35:59,0:40:46,,Meditation
07/17/2020 10:18:34,1:12:40,,Meditation
07/16/2020 11:23:38,1:10:25,,Meditation
07/15/2020 11:29:46,1:3:13,,Meditation
07/14/2020 13:57:20,0:35:0,,Meditation
07/13/2020 09:36:01,1:2:31,,Meditation
07/12/2020 10:30:39,1:13:26,,Meditation
07/11/2020 17:31:30,1:10:22,,Meditation
07/11/2020 02:26:55,1:3:37,,Meditation
07/10/2020 10:23:05,1:1:51,,Meditation
07/09/2020 10:36:54,1:19:34,,Meditation
07/08/2020 09:54:04,0:53:14,,Meditation
07/07/2020 19:21:03,1:42:7,,Meditation
07/07/2020 00:58:26,1:10:0,,Meditation
07/06/2020 09:15:48,1:11:38,,Meditation
07/05/2020 16:30:59,1:22:48,,Meditation
07/04/2020 08:06:56,1:10:0,,Meditation
07/03/2020 23:05:14,1:10:0,,Meditation
07/02/2020 19:59:30,1:17:36,,Meditation
07/01/2020 09:50:11,0:39:19,,Meditation
06/30/2020 07:16:42,1:10:35,,Meditation
06/30/2020 01:05:55,0:35:48,,Meditation
06/29/2020 09:49:42,1:0:20,,Meditation
06/28/2020 11:53:48,1:17:44,,Meditation
06/27/2020 10:26:00,0:52:29,,Meditation
06/27/2020 04:04:42,0:38:29,,Meditation
06/26/2020 09:45:54,1:13:22,,Meditation
06/25/2020 01:44:15,1:0:58,,Meditation
06/24/2020 14:20:53,1:10:0,,Meditation
06/23/2020 12:16:58,1:12:28,,Meditation
06/22/2020 12:10:00,1:13:16,,Meditation
06/22/2020 03:11:16,0:44:1,,Meditation
06/21/2020 10:20:08,0:39:4,,Meditation
06/20/2020 12:32:01,1:20:34,,Meditation
06/19/2020 10:11:16,1:0:12,,Meditation
06/18/2020 08:15:27,1:10:0,,Meditation
06/17/2020 09:39:00,1:0:51,,Meditation
06/16/2020 05:06:05,1:12:40,,Meditation
06/15/2020 09:31:14,1:17:10,,Meditation
06/14/2020 11:35:11,1:18:35,,Meditation
06/13/2020 10:25:25,1:16:11,,Meditation
06/12/2020 11:21:28,1:22:4,,Meditation
06/11/2020 08:07:10,1:0:59,,Meditation
06/10/2020 07:02:44,1:11:39,,Meditation
06/09/2020 21:08:53,0:18:49,,Meditation
06/08/2020 23:49:32,0:46:56,,Meditation
06/07/2020 07:21:38,0:30:3,,Meditation
06/06/2020 23:51:02,0:22:13,,Meditation
06/05/2020 07:09:01,0:33:4,,Meditation
06/04/2020 08:54:35,1:13:4,,Meditation
06/03/2020 07:34:18,1:11:26,,Meditation
06/02/2020 09:26:38,1:10:0,,Meditation
06/01/2020 07:00:25,1:12:10,,Meditation
05/31/2020 08:34:35,1:10:39,,Meditation
05/30/2020 20:17:27,1:13:30,,Meditation
05/30/2020 07:11:42,1:17:41,,Meditation
05/29/2020 00:35:50,1:7:3,,Meditation
05/28/2020 11:02:31,1:19:11,,Meditation
05/27/2020 00:48:15,1:24:38,,Meditation
05/26/2020 11:07:28,1:3:6,,Meditation
05/25/2020 10:16:17,1:2:16,,Meditation
05/24/2020 12:32:29,1:23:43,,Meditation
05/23/2020 09:59:32,1:11:40,,Meditation
05/22/2020 00:39:11,0:44:45,,Meditation
05/21/2020 09:29:34,1:10:23,,Meditation
05/20/2020 18:20:08,0:8:1,,Meditation
05/19/2020 17:17:41,0:50:22,,Meditation
05/18/2020 18:32:47,0:44:8,,Meditation
05/17/2020 23:58:41,0:20:0,,Meditation
05/17/2020 16:51:06,0:34:13,,Meditation
05/16/2020 07:39:02,1:12:37,,Meditation
05/15/2020 01:34:30,1:15:27,,Meditation
05/14/2020 11:28:42,1:14:13,,Meditation
05/14/2020 01:26:16,0:31:0,,Meditation
05/13/2020 10:15:15,1:12:42,,Meditation
05/13/2020 00:55:07,0:37:24,,Meditation
05/12/2020 17:41:09,1:0:42,,Meditation
05/12/2020 09:14:58,1:10:47,,Meditation
05/11/2020 01:01:14,1:10:0,,Meditation
05/10/2020 10:11:07,1:0:34,,Meditation
05/09/2020 09:32:30,1:0:1,,Meditation
05/08/2020 07:23:05,1:14:15,,Meditation
05/07/2020 14:32:23,1:4:14,,Meditation
05/07/2020 07:02:52,1:10:0,,Meditation
05/06/2020 06:36:14,1:6:39,,Meditation
05/05/2020 20:25:58,1:5:55,,Meditation
05/05/2020 07:17:52,1:13:7,,Meditation
05/04/2020 07:28:46,1:23:57,,Meditation
05/03/2020 19:17:09,1:13:16,,Meditation
05/03/2020 10:32:59,1:14:39,,Meditation
05/02/2020 23:58:51,1:1:0,,Meditation
05/02/2020 08:18:32,0:35:42,,Meditation
05/01/2020 05:37:09,1:0:7,,Meditation
04/30/2020 20:06:26,1:18:32,,Meditation
04/30/2020 07:10:40,1:11:54,,Meditation
04/29/2020 22:02:20,1:31:27,,Meditation
04/29/2020 00:05:10,1:0:0,,Meditation
04/28/2020 22:37:33,1:11:11,,Meditation
04/28/2020 08:13:20,1:10:0,,Meditation
04/28/2020 00:50:18,0:48:15,,Meditation
04/27/2020 12:32:20,1:11:34,,Meditation
04/27/2020 07:44:41,1:11:36,,Meditation
04/26/2020 17:02:49,1:1:33,,Meditation
04/26/2020 07:43:43,1:3:38,,Meditation
04/25/2020 18:55:53,1:22:5,,Meditation
04/25/2020 00:38:10,1:7:0,,Meditation
04/24/2020 18:32:35,1:20:20,,Meditation
04/24/2020 01:11:10,1:0:30,,Meditation
04/23/2020 06:41:51,1:10:0,,Meditation
04/22/2020 23:03:00,1:20:42,,Meditation
04/22/2020 08:09:32,1:1:0,,Meditation
04/22/2020 00:18:02,1:8:48,,Meditation
04/21/2020 07:48:32,1:12:0,,Meditation
04/20/2020 21:06:17,1:10:0,,Meditation
04/20/2020 07:52:27,1:10:0,,Meditation
04/19/2020 20:55:59,1:23:35,,Meditation
04/18/2020 22:18:37,0:30:53,,Meditation
04/17/2020 07:18:17,1:13:4,,Meditation
04/16/2020 14:27:04,1:10:0,,Meditation
04/15/2020 07:33:36,1:14:55,,Meditation
04/14/2020 11:32:25,1:10:0,,Meditation
04/13/2020 08:03:28,1:17:58,,Meditation
04/13/2020 00:17:40,0:52:48,,Meditation
04/12/2020 08:50:45,1:15:44,,Meditation
04/11/2020 16:01:35,1:0:33,,Meditation
04/11/2020 10:15:21,0:20:0,,Meditation
04/10/2020 11:57:43,1:6:0,,Meditation
04/09/2020 08:28:36,1:12:41,,Meditation
04/08/2020 23:59:04,0:45:48,,Meditation
04/08/2020 11:12:26,1:11:26,,Meditation
04/07/2020 10:20:57,1:11:22,,Meditation
04/06/2020 11:39:22,1:5:35,,Meditation
04/05/2020 20:51:09,1:8:37,,Meditation
04/05/2020 11:16:51,0:30:4,,Meditation
04/04/2020 08:36:53,1:17:3,,Meditation
04/03/2020 09:50:22,1:5:32,,Meditation
04/03/2020 02:02:43,0:48:21,,Meditation
04/02/2020 10:41:53,1:13:31,,Meditation
04/02/2020 02:23:26,1:0:24,,Meditation
04/01/2020 08:18:44,1:25:51,,Meditation
03/31/2020 09:38:39,1:11:0,,Meditation
03/31/2020 02:14:13,0:40:9,,Meditation
03/30/2020 02:25:11,1:11:57,,Meditation
03/29/2020 09:36:34,1:10:0,,Meditation
03/28/2020 14:58:05,1:23:26,,Meditation
03/27/2020 06:54:19,1:14:30,,Meditation
03/26/2020 06:34:29,1:27:42,,Meditation
03/25/2020 05:38:24,1:22:37,,Meditation
03/24/2020 06:27:42,1:14:21,,Meditation
03/23/2020 07:16:49,1:16:12,,Meditation
03/22/2020 09:15:18,1:13:2,,Meditation
03/21/2020 08:01:08,1:21:2,,Meditation
03/20/2020 22:54:59,0:15:0,,Meditation
03/20/2020 19:19:32,0:24:7,,Meditation
03/19/2020 08:24:33,1:7:58,,Meditation
03/18/2020 20:39:10,1:6:19,,Meditation
03/18/2020 07:14:22,0:40:34,,Meditation
03/17/2020 12:03:43,0:30:15,,Meditation
03/17/2020 07:38:49,1:4:46,,Meditation
03/17/2020 01:52:10,1:5:16,,Meditation
03/16/2020 20:41:24,0:37:38,,Meditation
03/16/2020 05:37:40,1:7:41,,Meditation
03/15/2020 12:49:09,1:4:40,,Meditation
03/15/2020 11:03:38,0:11:23,,Meditation
03/14/2020 08:08:26,1:3:0,,Meditation
03/13/2020 09:14:40,1:3:0,,Meditation
03/13/2020 06:25:57,0:45:29,,Meditation
03/12/2020 06:35:00,1:3:24,,Meditation
03/11/2020 05:47:12,1:6:33,,Meditation
03/10/2020 08:38:15,1:10:4,,Meditation
03/09/2020 19:53:06,1:36:48,,Meditation
03/09/2020 08:33:11,0:20:39,,Meditation
03/08/2020 10:12:10,0:54:13,,Meditation
03/07/2020 20:18:24,0:7:4,,Meditation
03/06/2020 08:08:14,1:3:35,,Meditation
03/05/2020 08:07:29,1:14:6,,Meditation
03/04/2020 05:44:40,1:8:43,,Meditation
03/03/2020 08:44:44,1:0:6,,Meditation
03/03/2020 06:20:36,0:27:27,,Meditation
03/02/2020 07:35:50,1:13:3,,Meditation
03/01/2020 08:20:03,1:5:34,,Meditation
02/29/2020 08:12:58,1:4:36,,Meditation
02/28/2020 22:24:31,0:36:7,,Meditation
02/28/2020 08:45:48,1:4:40,,Meditation
02/27/2020 22:29:17,0:29:7,,Meditation
02/27/2020 08:40:54,1:5:44,,Meditation
02/26/2020 20:18:13,0:10:11,,Meditation
02/25/2020 08:16:01,1:0:6,,Meditation
02/24/2020 07:59:33,1:8:37,,Meditation
02/23/2020 17:33:33,1:4:38,,Meditation
02/23/2020 09:15:29,1:26:5,,Meditation
02/22/2020 07:41:27,0:38:18,,Meditation
02/21/2020 08:37:46,0:34:46,,Meditation
02/21/2020 07:16:11,0:29:31,,Meditation
02/20/2020 08:46:37,1:11:14,,Meditation
02/19/2020 06:01:59,1:3:0,,Meditation
02/18/2020 07:23:19,1:8:11,,Meditation
02/17/2020 10:49:27,1:8:39,,Meditation
02/16/2020 10:54:49,1:1:35,,Meditation
02/15/2020 19:54:30,1:3:35,,Meditation
02/14/2020 20:26:34,0:5:0,,Meditation
02/13/2020 07:18:24,1:2:3,,Meditation
02/12/2020 08:26:42,0:51:31,,Meditation
02/12/2020 05:00:21,0:27:22,,Meditation
02/11/2020 07:34:53,1:26:20,,Meditation
02/10/2020 07:51:51,1:4:56,,Meditation
02/10/2020 06:51:26,0:30:14,,Meditation
02/09/2020 13:45:21,0:12:55,,Meditation
02/08/2020 05:08:58,1:3:35,,Meditation
02/07/2020 08:48:22,1:8:53,,Meditation
02/06/2020 08:14:12,1:0:3,,Meditation
02/05/2020 09:18:12,1:5:15,,Meditation
02/04/2020 06:57:26,1:1:30,,Meditation
02/03/2020 10:04:40,0:33:43,,Meditation
02/02/2020 10:26:01,0:30:7,,Meditation
02/01/2020 19:56:15,0:8:4,,Meditation
02/01/2020 11:24:50,0:5:16,,Meditation
01/31/2020 10:26:24,0:27:28,,Meditation
01/31/2020 07:21:49,0:21:8,,Meditation
01/30/2020 07:25:58,1:5:13,,Meditation
01/29/2020 07:05:48,0:44:5,,Meditation
01/28/2020 07:53:38,0:39:19,,Meditation
01/27/2020 09:43:17,1:8:8,,Meditation
01/27/2020 05:35:18,1:7:42,,Meditation
01/26/2020 06:19:12,0:47:4,,Meditation
01/25/2020 05:19:31,1:3:50,,Meditation
01/24/2020 09:23:24,1:3:24,,Meditation
01/24/2020 07:04:58,0:25:0,,Meditation
01/23/2020 08:02:35,1:4:39,,Meditation
01/22/2020 19:53:52,0:37:2,,Meditation
01/22/2020 08:26:29,1:2:0,,Meditation
01/21/2020 08:06:27,1:4:6,,Meditation
01/20/2020 16:37:35,1:0:15,,Meditation
01/20/2020 09:10:41,0:34:17,,Meditation
01/18/2020 05:53:26,0:22:38,,Meditation
01/17/2020 05:48:50,0:38:58,,Meditation
01/16/2020 08:44:50,1:1:19,,Meditation
01/15/2020 16:23:32,0:45:22,,Meditation
01/15/2020 08:15:37,0:29:1,,Meditation
01/14/2020 08:43:27,1:23:7,,Meditation
01/13/2020 08:04:27,1:14:9,,Meditation
01/12/2020 22:37:07,0:21:8,,Meditation
01/12/2020 18:39:03,0:16:4,,Meditation
01/11/2020 07:40:46,1:10:25,,Meditation
01/10/2020 07:40:14,1:8:42,,Meditation
01/09/2020 08:05:16,1:6:14,,Meditation
01/08/2020 19:13:50,1:6:3,,Meditation
01/08/2020 07:45:10,0:32:47,,Meditation
01/07/2020 08:10:20,1:4:4,,Meditation
01/07/2020 06:55:19,0:41:1,,Meditation
01/06/2020 06:49:30,1:8:14,,Meditation
01/05/2020 07:20:43,1:5:0,,Meditation
01/04/2020 06:30:13,1:5:43,,Meditation
01/03/2020 11:11:24,0:30:37,,Meditation
01/03/2020 08:38:34,0:17:37,,Meditation
01/03/2020 00:55:04,0:34:52,,Meditation
01/02/2020 00:48:00,0:51:36,,Meditation
01/02/2020 00:37:55,0:9:43,,Meditation
01/01/2020 20:39:28,0:16:35,,Meditation
01/01/2020 01:43:21,0:56:7,,Meditation
12/25/2019 23:37:20,1:5:13,,Meditation
12/24/2019 23:31:05,0:51:21,,Meditation
12/21/2019 12:54:11,0:10:0,,Meditation
12/20/2019 17:10:23,0:10:38,,Meditation
12/19/2019 07:27:21,1:6:51,,Meditation
12/18/2019 05:44:36,1:3:0,,Meditation
12/17/2019 07:35:17,1:12:4,,Meditation
12/16/2019 07:49:06,1:11:32,,Meditation
12/15/2019 15:29:54,1:2:17,,Meditation
12/14/2019 05:34:10,0:53:11,,Meditation
12/13/2019 19:32:13,1:5:55,,Meditation
12/12/2019 07:27:52,1:4:22,,Meditation
12/11/2019 07:47:08,1:4:48,,Meditation
12/10/2019 06:19:54,1:7:9,,Meditation
12/09/2019 05:10:07,1:1:48,,Meditation
12/08/2019 07:59:51,1:31:55,,Meditation
12/07/2019 20:26:21,0:28:50,,Meditation
12/07/2019 13:58:00,0:12:27,,Meditation
12/06/2019 05:21:04,1:2:0,,Meditation
12/05/2019 06:06:00,1:4:5,,Meditation
12/04/2019 06:17:01,1:4:16,,Meditation
12/03/2019 04:50:53,1:4:29,,Meditation
12/02/2019 03:36:39,1:2:0,,Meditation
12/01/2019 08:31:47,1:2:0,,Meditation
11/30/2019 07:43:24,1:6:1,,Meditation
11/29/2019 16:46:03,0:41:19,,Meditation
11/29/2019 13:08:27,0:16:7,,Meditation
11/28/2019 21:34:45,1:2:0,,Meditation
11/27/2019 21:42:46,1:9:44,,Meditation
11/26/2019 06:08:38,1:3:14,,Meditation
11/25/2019 07:27:22,1:11:40,,Meditation
11/24/2019 18:43:47,0:53:41,,Meditation
11/23/2019 04:46:52,1:3:23,,Meditation
11/22/2019 07:50:36,1:13:1,,Meditation
11/21/2019 09:18:11,1:2:0,,Meditation
11/21/2019 04:29:49,1:5:15,,Meditation
11/20/2019 07:55:42,1:9:22,,Meditation
11/19/2019 08:29:37,1:13:26,,Meditation
11/18/2019 08:25:30,0:33:52,,Meditation
11/17/2019 08:56:36,1:8:6,,Meditation
11/16/2019 07:35:44,1:7:52,,Meditation
11/15/2019 07:42:40,1:3:14,,Meditation
11/14/2019 07:36:39,1:3:35,,Meditation
11/13/2019 07:20:54,1:6:0,,Meditation
11/12/2019 08:17:29,1:25:11,,Meditation
11/11/2019 19:57:07,1:12:30,,Meditation
11/11/2019 07:11:00,1:0:16,,Meditation
11/10/2019 09:01:28,0:36:49,,Meditation
11/09/2019 08:49:40,0:10:6,,Meditation
11/08/2019 10:03:37,1:2:0,,Meditation
11/07/2019 20:42:13,0:43:7,,Meditation
11/07/2019 08:15:22,1:5:19,,Meditation
11/06/2019 07:47:14,1:6:4,,Meditation
11/05/2019 07:24:35,1:2:0,,Meditation
11/04/2019 04:36:38,1:0:0,,Meditation
11/03/2019 08:40:49,1:7:3,,Meditation
11/02/2019 23:25:49,0:27:12,,Meditation
11/02/2019 10:53:47,0:10:52,,Meditation
11/01/2019 05:16:36,1:3:51,,Meditation
10/31/2019 06:12:39,1:9:53,,Meditation
10/30/2019 05:51:57,1:2:56,,Meditation
10/29/2019 06:02:35,1:7:49,,Meditation
10/28/2019 05:32:10,1:3:0,,Meditation
10/27/2019 09:54:59,1:0:13,,Meditation
10/26/2019 04:54:43,1:0:46,,Meditation
10/25/2019 06:17:53,1:14:34,,Meditation
10/24/2019 07:51:15,1:7:12,,Meditation
10/23/2019 05:50:22,1:12:30,,Meditation
10/22/2019 08:47:34,0:56:3,,Meditation
10/22/2019 07:52:52,0:33:40,,Meditation
10/21/2019 06:48:49,1:16:10,,Meditation
10/20/2019 05:38:41,1:6:11,,Meditation
10/19/2019 03:42:56,0:41:32,,Meditation
10/18/2019 06:11:21,1:7:24,,Meditation
10/17/2019 07:09:43,1:0:35,,Meditation
10/16/2019 04:12:25,1:6:15,,Meditation
10/15/2019 06:27:11,1:0:44,,Meditation
10/14/2019 11:28:12,1:0:54,,Meditation
10/14/2019 05:20:53,1:2:1,,Meditation
10/13/2019 07:36:38,1:3:25,,Meditation
10/12/2019 07:32:22,1:8:4,,Meditation
10/11/2019 05:47:27,1:16:20,,Meditation
10/10/2019 10:14:20,1:0:0,,Meditation
10/10/2019 08:50:22,0:30:0,,Meditation
10/09/2019 07:04:06,1:4:42,,Meditation
10/08/2019 06:03:27,1:3:0,,Meditation
10/07/2019 05:54:13,0:43:14,,Meditation
10/06/2019 05:30:53,1:0:0,,Meditation
10/05/2019 18:45:46,1:6:36,,Meditation
10/05/2019 00:39:07,0:11:39,,Meditation
10/04/2019 06:57:54,1:0:0,,Meditation
10/03/2019 08:09:49,0:33:32,,Meditation
10/02/2019 06:55:40,1:3:7,,Meditation
10/02/2019 03:07:44,1:6:10,,Meditation
10/01/2019 06:04:13,1:15:0,,Meditation
09/30/2019 08:42:25,1:14:41,,Meditation
09/30/2019 01:02:35,0:43:16,,Meditation
09/29/2019 06:36:48,1:18:12,,Meditation
09/28/2019 07:46:01,1:0:58,,Meditation
09/27/2019 06:39:50,1:7:16,,Meditation
09/26/2019 06:40:42,1:3:51,,Meditation
09/25/2019 21:50:23,0:23:37,,Meditation
09/25/2019 18:28:53,0:15:47,,Meditation
09/24/2019 05:58:39,1:5:5,,Meditation
09/23/2019 07:14:52,1:2:20,,Meditation
09/22/2019 08:30:35,1:7:39,,Meditation
09/22/2019 01:19:17,1:2:33,,Meditation
09/21/2019 05:06:41,1:2:5,,Meditation
09/20/2019 06:41:12,1:12:4,,Meditation
09/19/2019 09:01:22,1:1:0,,Meditation
09/19/2019 07:04:12,0:46:27,,Meditation
09/18/2019 05:50:06,1:3:11,,Meditation
09/17/2019 08:44:28,1:2:44,,Meditation
09/17/2019 05:34:05,1:4:13,,Meditation
09/16/2019 22:00:04,0:23:46,,Meditation
09/16/2019 06:02:39,0:35:2,,Meditation
09/15/2019 20:02:17,0:16:20,,Meditation
09/14/2019 06:51:28,1:4:0,,Meditation
09/13/2019 07:03:05,1:0:27,,Meditation
09/12/2019 03:26:53,0:59:0,,Meditation
09/11/2019 08:22:16,0:51:4,,Meditation
09/10/2019 08:44:00,0:53:14,,Meditation
09/09/2019 07:40:32,0:51:44,,Meditation
09/08/2019 08:01:57,0:50:34,,Meditation
09/07/2019 07:42:27,0:54:55,,Meditation
09/06/2019 08:06:33,0:50:56,,Meditation
09/05/2019 22:08:53,0:13:1,,Meditation
09/05/2019 10:40:35,0:1:1,,Meditation
09/04/2019 07:44:48,0:50:22,,Meditation
09/03/2019 20:41:14,0:26:9,,Meditation
09/03/2019 05:59:34,0:49:0,,Meditation
09/02/2019 13:01:14,0:19:40,,Meditation
09/02/2019 07:19:58,0:48:26,,Meditation
09/01/2019 10:55:56,0:53:26,,Meditation
08/31/2019 07:12:51,0:48:0,,Meditation
08/30/2019 06:29:29,0:52:43,,Meditation
08/29/2019 08:00:11,0:46:38,,Meditation
08/28/2019 07:24:03,0:48:38,,Meditation
08/27/2019 08:23:38,0:46:40,,Meditation
08/26/2019 06:49:29,0:45:36,,Meditation
08/25/2019 08:57:51,0:46:2,,Meditation
08/24/2019 12:04:48,0:21:19,,Meditation
08/23/2019 11:26:50,0:31:25,,Meditation
08/22/2019 05:59:49,0:46:53,,Meditation
08/21/2019 03:32:00,0:45:40,,Meditation
08/20/2019 05:55:01,0:35:43,,Meditation
08/19/2019 08:58:37,0:45:30,,Meditation
08/18/2019 06:18:37,0:46:20,,Meditation
08/17/2019 13:27:06,0:27:22,,Meditation
08/17/2019 05:50:34,0:31:16,,Meditation
08/16/2019 06:09:49,0:46:41,,Meditation
08/15/2019 05:35:47,0:46:20,,Meditation
08/14/2019 06:03:14,0:46:1,,Meditation
08/13/2019 08:31:00,0:46:15,,Meditation
08/12/2019 05:41:40,0:36:24,,Meditation
08/12/2019 03:42:25,0:16:38,,Meditation
08/10/2019 21:53:28,0:31:27,,Meditation
08/10/2019 01:09:39,0:19:25,,Meditation
08/09/2019 03:44:52,0:13:6,,Meditation
08/08/2019 19:53:14,0:37:25,,Meditation
08/07/2019 16:18:42,0:35:20,,Meditation
08/07/2019 01:30:58,0:40:23,,Meditation
08/06/2019 05:53:09,0:24:3,,Meditation
08/04/2019 17:29:28,0:24:45,,Meditation
08/03/2019 02:01:53,0:13:28,,Meditation
08/03/2019 01:08:10,0:3:13,,Meditation
08/02/2019 22:54:13,0:20:46,,Meditation
08/01/2019 17:06:16,0:46:37,,Meditation
07/31/2019 18:29:35,0:46:5,,Meditation
07/30/2019 17:37:00,0:46:26,,Meditation
07/29/2019 18:42:05,0:33:42,,Meditation
07/29/2019 06:24:17,0:26:23,,Meditation
07/28/2019 17:54:57,0:23:27,,Meditation
07/27/2019 21:36:14,0:16:46,,Meditation
07/27/2019 18:34:14,0:24:18,,Meditation
07/27/2019 08:27:25,0:10:9,,Meditation
07/25/2019 23:43:15,0:45:40,,Meditation
07/25/2019 15:52:03,0:10:44,,Meditation
07/24/2019 16:41:49,0:53:18,,Meditation
07/23/2019 15:24:47,0:17:34,,Meditation
07/22/2019 16:16:56,0:51:22,,Meditation
07/21/2019 15:55:08,0:50:7,,Meditation
07/20/2019 17:53:44,0:49:3,,Meditation
07/19/2019 16:37:11,0:45:55,,Meditation
07/18/2019 17:28:34,0:40:47,,Meditation
07/17/2019 18:20:29,0:32:49,,Meditation
07/17/2019 04:01:38,0:32:16,,Meditation
07/16/2019 22:11:57,0:13:7,,Meditation
07/15/2019 16:26:27,0:46:39,,Meditation
07/14/2019 16:36:50,0:45:58,,Meditation
07/13/2019 16:00:22,0:41:50,,Meditation
07/12/2019 16:41:37,0:43:42,,Meditation
07/12/2019 03:03:50,0:18:42,,Meditation
07/10/2019 16:16:18,0:34:13,,Meditation
07/09/2019 17:16:38,0:27:25,,Meditation
07/08/2019 20:59:18,0:10:42,,Meditation
07/08/2019 16:56:28,0:26:1,,Meditation
07/08/2019 03:07:33,0:17:4,,Meditation
07/07/2019 17:32:46,0:25:15,,Meditation
07/06/2019 16:50:09,0:25:50,,Meditation
07/05/2019 21:27:43,0:10:21,,Meditation
07/05/2019 21:27:17,0:0:12,,Meditation
07/05/2019 15:38:55,0:22:35,,Meditation
07/05/2019 07:18:16,0:20:25,,Meditation
07/04/2019 16:50:43,0:20:1,,Meditation
07/04/2019 02:32:24,0:15:1,,Meditation
07/03/2019 16:36:08,0:21:26,,Meditation
07/03/2019 05:04:52,0:9:47,,Meditation
07/01/2019 20:59:13,0:2:47,,Meditation
06/24/2019 00:21:50,0:13:25,,Meditation
06/22/2019 18:11:55,0:13:1,,Meditation
06/21/2019 15:19:03,0:26:36,,Meditation
06/16/2019 18:16:37,0:11:30,,Meditation
06/11/2019 21:17:10,0:16:43,,Meditation
06/10/2019 22:48:30,0:24:13,,Meditation
06/09/2019 18:50:51,0:21:8,,Meditation
06/08/2019 22:20:17,0:23:33,,Meditation
05/27/2019 09:19:27,0:6:59,,Meditation
05/26/2019 11:50:28,0:16:45,,Meditation
05/23/2019 16:40:23,0:3:15,,Meditation
05/22/2019 18:34:27,0:5:9,,Meditation
05/21/2019 05:15:07,1:3:30,,Meditation
05/20/2019 14:37:19,0:16:0,,Meditation
05/20/2019 13:54:12,0:42:15,,Meditation
05/19/2019 05:00:19,1:3:49,,Meditation
05/18/2019 19:53:13,0:36:16,,Meditation
05/17/2019 17:31:57,0:30:0,,Meditation
05/16/2019 20:37:19,0:8:32,,Meditation
05/15/2019 08:00:26,1:6:48,,Meditation
05/14/2019 07:45:00,0:48:1,,Meditation
05/13/2019 00:49:10,1:0:41,,Meditation
05/12/2019 12:17:26,1:6:48,,Meditation
05/11/2019 11:05:36,0:49:0,,Meditation
05/10/2019 07:22:34,1:1:30,,Meditation
05/09/2019 11:38:22,0:27:19,,Meditation
05/09/2019 07:27:43,0:22:31,,Meditation
05/08/2019 07:27:00,1:0:0,,Meditation
05/07/2019 07:52:14,1:0:0,,Meditation
05/06/2019 20:39:31,1:0:0,,Meditation
05/06/2019 03:25:59,0:17:41,,Meditation
05/06/2019 00:15:52,0:31:0,,Meditation
05/05/2019 11:49:51,1:0:0,,Meditation
05/04/2019 22:36:10,1:0:0,,Meditation
05/03/2019 06:30:58,1:3:14,,Meditation
05/02/2019 05:06:03,1:1:44,,Meditation
05/01/2019 07:50:44,1:13:4,,Meditation
04/30/2019 07:55:33,1:1:36,,Meditation
04/29/2019 07:03:57,1:0:0,,Meditation
04/28/2019 22:13:48,0:10:2,,Meditation
04/27/2019 02:00:26,0:45:2,,Meditation
04/26/2019 18:55:05,0:36:41,,Meditation
04/26/2019 17:42:40,0:6:51,,Meditation
04/25/2019 18:52:16,1:0:0,,Meditation
04/25/2019 17:44:50,0:12:8,,Meditation
04/24/2019 15:30:31,1:0:0,,Meditation
04/24/2019 12:35:46,0:20:51,,Meditation
04/23/2019 06:58:20,1:0:0,,Meditation
04/22/2019 07:43:07,1:1:10,,Meditation
04/21/2019 07:16:54,1:1:3,,Meditation
04/20/2019 07:10:54,1:1:38,,Meditation
04/19/2019 08:10:44,0:14:10,,Meditation
04/19/2019 07:07:13,0:18:22,,Meditation
04/19/2019 06:12:50,0:16:50,,Meditation
04/18/2019 06:38:07,1:2:37,,Meditation
04/17/2019 05:47:01,1:0:0,,Meditation
04/16/2019 09:24:58,1:3:52,,Meditation
04/15/2019 05:12:55,1:0:0,,Meditation
04/14/2019 21:24:28,0:43:0,,Meditation
04/14/2019 07:11:37,0:26:0,,Meditation
04/13/2019 08:11:42,1:6:47,,Meditation
04/12/2019 22:50:08,0:31:51,,Meditation
04/12/2019 08:01:07,0:32:54,,Meditation
04/11/2019 05:30:16,1:0:0,,Meditation
04/10/2019 08:01:40,0:58:38,,Meditation
04/09/2019 07:42:38,0:55:0,,Meditation
04/08/2019 08:04:57,0:56:9,,Meditation
04/07/2019 23:04:14,0:5:33,,Meditation
04/07/2019 19:49:35,0:55:0,,Meditation
04/06/2019 05:37:03,0:55:0,,Meditation
04/05/2019 18:02:42,0:42:6,,Meditation
04/05/2019 13:54:21,0:20:59,,Meditation
04/05/2019 01:22:37,0:20:0,,Meditation
04/04/2019 20:36:54,0:52:47,,Meditation
04/04/2019 18:25:39,0:15:21,,Meditation
04/03/2019 16:25:24,0:50:0,,Meditation
04/02/2019 08:59:42,0:50:0,,Meditation
04/01/2019 20:48:22,0:51:19,,Meditation
03/31/2019 10:18:30,0:32:0,,Meditation
03/31/2019 07:55:47,0:40:37,,Meditation
03/30/2019 07:14:08,0:50:0,,Meditation
03/29/2019 07:59:36,0:50:0,,Meditation
03/28/2019 08:13:28,0:46:1,,Meditation
03/27/2019 22:59:45,0:25:1,,Meditation
03/27/2019 08:47:38,0:21:32,,Meditation
03/26/2019 19:14:47,0:20:30,,Meditation
03/26/2019 08:22:25,0:26:18,,Meditation
03/25/2019 21:52:05,0:6:17,,Meditation
03/25/2019 21:48:59,0:2:56,,Meditation
03/24/2019 07:17:23,0:48:1,,Meditation
03/23/2019 08:56:41,1:12:50,,Meditation
03/22/2019 04:30:11,0:53:0,,Meditation
03/21/2019 07:15:13,0:51:42,,Meditation
03/20/2019 07:46:07,0:52:32,,Meditation
03/19/2019 18:37:56,0:10:0,,Meditation
03/19/2019 08:21:26,0:51:0,,Meditation
03/18/2019 07:55:42,0:44:11,,Meditation
03/17/2019 16:39:11,0:10:1,,Meditation
03/16/2019 08:45:19,0:52:53,,Meditation
03/15/2019 06:09:13,0:50:0,,Meditation
03/14/2019 07:52:01,0:47:45,,Meditation
03/13/2019 05:58:12,0:50:0,,Meditation
03/12/2019 06:05:27,0:49:22,,Meditation
03/11/2019 08:29:08,0:46:15,,Meditation
03/10/2019 19:21:52,0:3:37,,Meditation
03/09/2019 16:26:35,0:19:43,,Meditation
03/08/2019 10:26:51,0:45:0,,Meditation
03/07/2019 17:07:58,0:18:51,,Meditation
03/07/2019 07:15:36,0:9:6,,Meditation
03/06/2019 08:27:53,0:47:6,,Meditation
03/05/2019 08:30:50,0:47:11,,Meditation
03/04/2019 09:14:34,0:46:2,,Meditation
03/03/2019 08:59:01,0:45:0,,Meditation
03/02/2019 09:51:55,0:19:45,,Meditation
03/02/2019 09:46:25,0:4:36,,Meditation
03/01/2019 20:31:07,0:15:0,,Meditation
03/01/2019 09:58:13,0:35:1,,Meditation
02/28/2019 07:01:33,0:46:1,,Meditation
02/27/2019 05:32:40,0:45:0,,Meditation
02/26/2019 08:05:48,0:45:0,,Meditation
02/25/2019 08:09:14,0:45:0,,Meditation
02/24/2019 07:44:57,0:40:0,,Meditation
02/23/2019 04:06:05,0:40:0,,Meditation
02/22/2019 07:45:24,0:44:43,,Meditation
02/21/2019 08:45:58,0:41:52,,Meditation
02/20/2019 07:56:34,0:41:17,,Meditation
02/19/2019 08:17:32,0:33:19,,Meditation
02/18/2019 09:58:20,0:30:0,,Meditation
02/17/2019 09:33:26,0:31:57,,Meditation
02/16/2019 09:44:25,0:30:0,,Meditation
02/15/2019 10:34:51,0:3:28,,Meditation
02/15/2019 08:37:27,0:8:54,,Meditation
02/14/2019 08:50:21,0:31:49,,Meditation
02/13/2019 09:03:48,0:30:0,,Meditation
02/12/2019 07:49:30,0:25:19,,Meditation
02/11/2019 08:47:01,0:21:0,,Meditation
02/09/2019 11:53:31,0:21:0,,Meditation
02/09/2019 11:46:47,0:6:37,,Meditation
02/09/2019 07:02:29,0:14:58,,Meditation
02/08/2019 08:21:17,0:22:14,,Meditation
02/06/2019 06:05:08,0:21:28,,Meditation
02/05/2019 08:34:13,0:20:0,,Meditation
02/04/2019 20:42:48,0:11:2,,Meditation
01/29/2019 06:35:50,0:11:32,,Meditation
01/28/2019 11:13:59,0:16:40,,Meditation
01/26/2019 08:57:42,0:25:45,,Meditation
01/24/2019 08:12:51,0:36:38,,Meditation
01/23/2019 11:34:50,0:10:0,,Meditation
01/22/2019 10:24:39,0:10:0,,Meditation
01/21/2019 15:36:18,0:7:29,,Meditation
01/18/2019 09:58:39,0:6:0,,Meditation
01/14/2019 10:43:55,0:11:37,,Meditation
01/10/2019 19:02:37,0:10:11,,Meditation
01/09/2019 23:18:56,0:16:0,,Meditation
01/09/2019 08:42:25,0:11:22,,Meditation
01/08/2019 08:46:08,0:8:0,,Meditation
01/07/2019 19:50:20,0:8:55,,Meditation
01/04/2019 23:09:37,0:16:0,,Meditation
01/03/2019 11:03:48,0:16:41,,Meditation
01/02/2019 02:00:54,0:15:0,,Meditation
01/01/2019 12:41:00,0:15:0,,Meditation